Dates,Sorteos,Nro1,Nro2,Nro3,Nro4,Nro5,Star_1,Star_2
2004-02-13 00:00:00,1,16,29,32,36,41,7,9
2004-02-20 00:00:00,2,7,13,39,47,50,2,5
2004-02-27 00:00:00,3,14,18,19,31,37,4,5
2004-03-05 00:00:00,4,4,7,33,37,39,1,5
2004-03-12 00:00:00,5,15,24,28,44,47,4,5
2004-03-19 00:00:00,6,33,36,37,42,45,4,9
2004-03-26 00:00:00,7,3,4,10,23,43,2,4
2004-04-02 01:00:00,8,4,12,24,27,36,2,9
2004-04-09 01:00:00,9,1,4,10,19,23,2,8
2004-04-16 01:00:00,10,14,15,28,35,40,1,3
2004-04-23 01:00:00,11,6,10,21,45,49,3,5
2004-04-30 01:00:00,12,5,6,16,23,27,6,7
2004-05-07 01:00:00,13,15,16,21,36,38,1,5
2004-05-14 01:00:00,14,1,3,21,32,39,2,6
2004-05-21 01:00:00,15,15,29,37,39,49,4,9
2004-05-28 01:00:00,16,6,11,35,41,44,5,6
2004-06-04 01:00:00,17,9,13,34,41,42,3,7
2004-06-11 01:00:00,18,2,7,8,10,47,1,7
2004-06-18 01:00:00,19,2,23,28,40,43,2,6
2004-06-25 01:00:00,20,3,21,30,34,35,1,2
2004-07-02 01:00:00,21,4,23,24,28,34,1,3
2004-07-09 01:00:00,22,2,5,12,19,44,8,9
2004-07-16 01:00:00,23,24,26,31,38,50,5,8
2004-07-23 01:00:00,24,7,10,27,31,34,3,8
2004-07-30 01:00:00,25,9,10,19,37,50,1,6
2004-08-06 01:00:00,26,5,15,24,35,44,5,6
2004-08-13 01:00:00,27,20,27,41,43,50,5,8
2004-08-20 01:00:00,28,6,9,10,27,35,6,8
2004-08-27 01:00:00,29,1,11,22,28,44,1,9
2004-09-03 01:00:00,30,8,12,14,15,34,6,7
2004-09-10 01:00:00,31,5,25,33,36,38,2,5
2004-09-17 01:00:00,32,15,18,29,39,41,5,8
2004-09-24 01:00:00,33,21,26,27,44,48,1,7
2004-10-01 01:00:00,34,12,20,21,45,48,5,6
2004-10-08 01:00:00,35,1,10,12,16,48,2,6
2004-10-15 01:00:00,36,14,21,22,37,43,5,8
2004-10-22 01:00:00,37,1,9,23,25,40,3,9
2004-10-29 01:00:00,38,1,8,32,35,38,4,9
2004-11-05 00:00:00,39,6,19,25,42,49,1,7
2004-11-12 00:00:00,40,4,11,12,13,32,3,9
2004-11-19 00:00:00,41,1,18,29,34,37,2,6
2004-11-26 00:00:00,42,1,4,24,34,36,6,8
2004-12-03 00:00:00,43,1,11,15,42,49,3,4
2004-12-10 00:00:00,44,1,3,13,16,43,2,7
2004-12-17 00:00:00,45,15,19,22,46,49,2,9
2004-12-24 00:00:00,46,3,4,27,29,37,5,6
2004-12-31 00:00:00,47,7,8,24,25,47,8,9
2005-01-07 00:00:00,48,3,23,27,47,50,2,3
2005-01-14 00:00:00,49,6,11,14,19,29,1,3
2005-01-21 00:00:00,50,10,12,14,24,26,5,8
2005-01-28 00:00:00,51,7,21,26,43,45,5,7
2005-02-04 00:00:00,52,1,8,11,30,40,7,8
2005-02-11 00:00:00,53,11,13,25,32,50,4,7
2005-02-18 00:00:00,54,20,21,26,32,46,8,9
2005-02-25 00:00:00,55,3,27,30,43,44,4,8
2005-03-04 00:00:00,56,12,24,32,37,39,7,9
2005-03-11 00:00:00,57,8,12,23,40,43,1,4
2005-03-18 00:00:00,58,6,23,39,43,48,5,7
2005-03-25 00:00:00,59,4,29,33,37,38,6,9
2005-04-01 01:00:00,60,25,26,41,44,47,3,7
2005-04-08 01:00:00,61,7,11,25,31,50,1,3
2005-04-15 01:00:00,62,6,28,31,38,42,3,9
2005-04-22 01:00:00,63,3,10,13,24,47,5,9
2005-04-29 01:00:00,64,3,9,35,39,42,1,8
2005-05-06 01:00:00,65,7,12,21,26,44,6,8
2005-05-13 01:00:00,66,12,17,31,32,40,2,9
2005-05-20 01:00:00,67,6,7,13,28,47,5,8
2005-05-27 01:00:00,68,2,24,31,48,50,4,9
2005-06-03 01:00:00,69,3,8,11,17,50,1,5
2005-06-10 01:00:00,70,6,7,32,37,47,1,7
2005-06-17 01:00:00,71,4,8,10,18,21,1,7
2005-06-24 01:00:00,72,6,8,14,15,45,7,8
2005-07-01 01:00:00,73,4,5,23,25,28,3,4
2005-07-08 01:00:00,74,35,36,42,46,49,2,8
2005-07-15 01:00:00,75,1,11,12,23,42,3,6
2005-07-22 01:00:00,76,3,14,41,48,49,1,4
2005-07-29 01:00:00,77,3,19,26,49,50,4,5
2005-08-05 01:00:00,78,2,11,21,22,30,4,6
2005-08-12 01:00:00,79,15,23,30,37,40,7,9
2005-08-19 01:00:00,80,11,24,29,31,41,1,3
2005-08-26 01:00:00,81,9,29,35,40,41,1,6
2005-09-02 01:00:00,82,3,4,14,43,50,3,6
2005-09-09 01:00:00,83,8,12,19,31,50,6,7
2005-09-16 01:00:00,84,12,13,19,21,38,3,9
2005-09-23 01:00:00,85,1,26,31,34,47,4,9
2005-09-30 01:00:00,86,6,11,47,48,50,1,6
2005-10-07 01:00:00,87,2,13,21,26,44,3,9
2005-10-14 01:00:00,88,10,11,19,20,23,1,6
2005-10-21 01:00:00,89,1,14,19,29,33,1,8
2005-10-28 01:00:00,90,14,36,44,47,50,3,5
2005-11-04 00:00:00,91,26,36,37,38,42,2,6
2005-11-11 00:00:00,92,15,16,36,41,42,3,5
2005-11-18 00:00:00,93,17,18,25,34,48,2,3
2005-11-25 00:00:00,94,1,6,27,39,47,1,6
2005-12-02 00:00:00,95,1,9,20,23,30,4,7
2005-12-09 00:00:00,96,11,18,35,38,42,1,5
2005-12-16 00:00:00,97,2,3,15,18,32,6,7
2005-12-23 00:00:00,98,15,31,36,37,42,1,7
2005-12-30 00:00:00,99,8,16,19,43,45,1,4
2006-01-06 00:00:00,100,2,6,9,14,26,4,5
2006-01-13 00:00:00,101,8,12,19,33,34,1,6
2006-01-20 00:00:00,102,12,15,33,44,50,2,6
2006-01-27 00:00:00,103,9,15,21,40,49,1,4
2006-02-03 00:00:00,104,9,21,30,39,50,1,3
2006-02-10 00:00:00,105,5,6,38,48,50,6,7
2006-02-17 00:00:00,106,4,23,24,26,38,2,4
2006-02-24 00:00:00,107,1,11,18,19,47,3,7
2006-03-03 00:00:00,108,3,5,8,10,44,3,5
2006-03-10 00:00:00,109,1,21,33,45,49,4,8
2006-03-17 00:00:00,110,5,32,44,45,50,1,7
2006-03-24 00:00:00,111,17,28,33,35,47,4,9
2006-03-31 01:00:00,112,3,20,31,45,50,6,7
2006-04-07 01:00:00,113,12,13,29,44,50,4,5
2006-04-14 01:00:00,114,16,26,34,35,49,2,6
2006-04-21 01:00:00,115,1,20,22,37,46,1,9
2006-04-28 01:00:00,116,5,10,17,22,33,5,7
2006-05-05 01:00:00,117,4,8,14,16,50,3,9
2006-05-12 01:00:00,118,5,20,23,34,50,1,5
2006-05-19 01:00:00,119,3,5,25,34,49,5,8
2006-05-26 01:00:00,120,2,12,21,41,49,3,7
2006-06-02 01:00:00,121,7,8,27,41,48,1,6
2006-06-09 01:00:00,122,3,12,15,34,39,4,6
2006-06-16 01:00:00,123,1,16,26,30,36,3,9
2006-06-23 01:00:00,124,9,21,30,43,44,1,9
2006-06-30 01:00:00,125,6,15,16,40,43,1,2
2006-07-07 01:00:00,126,7,9,18,35,43,5,7
2006-07-14 01:00:00,127,1,7,17,31,36,2,8
2006-07-21 01:00:00,128,2,4,9,38,50,6,8
2006-07-28 01:00:00,129,3,8,12,29,43,6,7
2006-08-04 01:00:00,130,1,14,15,26,32,3,7
2006-08-11 01:00:00,131,27,28,31,46,47,2,5
2006-08-18 01:00:00,132,12,37,39,40,50,1,2
2006-08-25 01:00:00,133,10,28,40,47,48,6,8
2006-09-01 01:00:00,134,3,7,25,45,50,6,9
2006-09-08 01:00:00,135,1,10,12,32,33,1,8
2006-09-15 01:00:00,136,6,10,16,26,49,7,9
2006-09-22 01:00:00,137,10,29,30,45,49,3,8
2006-09-29 01:00:00,138,1,3,6,18,24,5,8
2006-10-06 01:00:00,139,5,11,22,35,38,7,8
2006-10-13 01:00:00,140,2,25,32,38,41,3,5
2006-10-20 01:00:00,141,10,19,34,45,47,3,6
2006-10-27 01:00:00,142,3,4,8,44,50,7,8
2006-11-03 00:00:00,143,11,13,24,44,49,3,9
2006-11-10 00:00:00,144,14,21,27,30,36,2,3
2006-11-17 00:00:00,145,12,22,32,33,36,2,6
2006-11-24 00:00:00,146,5,8,17,25,40,1,5
2006-12-01 00:00:00,147,4,8,16,37,41,2,5
2006-12-08 00:00:00,148,16,17,18,36,47,1,2
2006-12-15 00:00:00,149,9,23,35,37,42,3,7
2006-12-22 00:00:00,150,9,11,20,38,43,2,3
2006-12-29 00:00:00,151,6,9,13,14,35,3,4
2007-01-05 00:00:00,152,17,19,29,36,45,5,6
2007-01-12 00:00:00,153,8,11,14,19,25,3,5
2007-01-19 00:00:00,154,5,13,27,33,42,2,4
2007-01-26 00:00:00,155,11,15,23,30,38,4,9
2007-02-02 00:00:00,156,14,23,27,30,36,1,6
2007-02-09 00:00:00,157,14,16,30,36,46,2,8
2007-02-16 00:00:00,158,8,19,20,39,50,6,9
2007-02-23 00:00:00,159,2,15,18,20,22,2,5
2007-03-02 00:00:00,160,3,16,34,38,48,5,8
2007-03-09 00:00:00,161,2,3,25,43,48,6,9
2007-03-16 00:00:00,162,4,14,31,45,49,4,9
2007-03-23 00:00:00,163,5,13,17,40,43,1,3
2007-03-30 01:00:00,164,9,17,19,41,46,1,8
2007-04-06 01:00:00,165,15,23,29,41,48,3,6
2007-04-13 01:00:00,166,7,20,25,38,41,3,7
2007-04-20 01:00:00,167,23,26,32,41,45,3,7
2007-04-27 01:00:00,168,7,18,27,36,44,1,2
2007-05-04 01:00:00,169,6,17,35,41,45,1,5
2007-05-11 01:00:00,170,7,12,26,29,49,2,6
2007-05-18 01:00:00,171,26,34,37,39,49,2,6
2007-05-25 01:00:00,172,25,26,29,49,50,7,8
2007-06-01 01:00:00,173,6,22,37,41,42,6,9
2007-06-08 01:00:00,174,1,15,17,25,45,2,8
2007-06-15 01:00:00,175,5,7,14,21,40,3,8
2007-06-22 01:00:00,176,11,16,17,22,34,5,6
2007-06-29 01:00:00,177,8,12,28,33,45,1,3
2007-07-06 01:00:00,178,4,5,19,39,41,8,9
2007-07-13 01:00:00,179,9,13,15,31,48,3,6
2007-07-20 01:00:00,180,10,21,25,26,50,4,9
2007-07-27 01:00:00,181,1,4,21,29,41,7,8
2007-08-03 01:00:00,182,10,30,33,37,41,1,8
2007-08-10 01:00:00,183,23,40,42,43,49,2,6
2007-08-17 01:00:00,184,2,3,13,38,42,7,8
2007-08-24 01:00:00,185,1,3,16,42,48,2,3
2007-08-31 01:00:00,186,6,18,22,23,37,5,6
2007-09-07 01:00:00,187,2,3,33,34,42,3,5
2007-09-14 01:00:00,188,5,9,11,29,33,7,9
2007-09-21 01:00:00,189,1,17,32,35,37,1,8
2007-09-28 01:00:00,190,22,30,34,35,44,4,5
2007-10-05 01:00:00,191,11,20,27,35,44,2,5
2007-10-12 01:00:00,192,21,32,36,46,47,3,4
2007-10-19 01:00:00,193,7,18,34,35,40,7,8
2007-10-26 01:00:00,194,7,20,38,40,43,1,8
2007-11-02 00:00:00,195,3,16,18,19,40,1,2
2007-11-09 00:00:00,196,5,14,22,25,36,5,6
2007-11-16 00:00:00,197,9,18,23,33,37,1,8
2007-11-23 00:00:00,198,2,10,22,29,48,3,9
2007-11-30 00:00:00,199,12,19,20,30,38,7,9
2007-12-07 00:00:00,200,2,4,32,43,48,1,7
2007-12-14 00:00:00,201,8,25,30,36,44,3,4
2007-12-21 00:00:00,202,7,9,28,37,44,6,7
2007-12-28 00:00:00,203,20,21,22,31,45,7,9
2008-01-04 00:00:00,204,10,12,24,25,41,3,5
2008-01-11 00:00:00,205,8,24,36,49,50,4,8
2008-01-18 00:00:00,206,14,16,23,40,46,4,8
2008-01-25 00:00:00,207,2,6,9,19,45,7,8
2008-02-01 00:00:00,208,22,30,45,47,49,4,9
2008-02-08 00:00:00,209,17,28,30,38,44,1,4
2008-02-15 00:00:00,210,12,27,29,45,46,4,7
2008-02-22 00:00:00,211,4,27,32,46,50,8,9
2008-02-29 00:00:00,212,12,37,40,47,49,2,9
2008-03-07 00:00:00,213,2,7,14,17,35,1,6
2008-03-14 00:00:00,214,13,21,25,35,48,4,8
2008-03-21 00:00:00,215,2,10,18,22,36,4,6
2008-03-28 00:00:00,216,5,9,17,29,39,3,6
2008-04-04 01:00:00,217,11,13,18,37,47,1,6
2008-04-11 01:00:00,218,6,25,30,45,50,5,7
2008-04-18 01:00:00,219,3,6,7,27,50,5,9
2008-04-25 01:00:00,220,4,19,26,27,30,3,8
2008-05-02 01:00:00,221,2,26,37,45,48,4,8
2008-05-09 01:00:00,222,8,9,40,42,45,6,7
2008-05-16 01:00:00,223,6,9,15,25,38,4,9
2008-05-23 01:00:00,224,5,9,19,21,38,1,7
2008-05-30 01:00:00,225,5,7,14,20,49,2,8
2008-06-06 01:00:00,226,7,19,21,40,50,2,9
2008-06-13 01:00:00,227,13,16,37,44,50,1,9
2008-06-20 01:00:00,228,8,11,36,37,45,3,5
2008-06-27 01:00:00,229,5,20,26,44,50,5,7
2008-07-04 01:00:00,230,7,19,22,27,48,5,7
2008-07-11 01:00:00,231,9,11,13,19,37,3,4
2008-07-18 01:00:00,232,10,14,16,29,44,2,6
2008-07-25 01:00:00,233,7,11,15,24,29,2,7
2008-08-01 01:00:00,234,1,22,25,40,50,1,8
2008-08-08 01:00:00,235,4,5,15,16,45,4,7
2008-08-15 01:00:00,236,11,17,18,26,31,5,6
2008-08-22 01:00:00,237,7,27,29,39,50,5,7
2008-08-29 01:00:00,238,2,20,25,37,39,5,8
2008-09-05 01:00:00,239,7,12,16,17,39,3,8
2008-09-12 01:00:00,240,19,23,33,37,50,3,7
2008-09-19 01:00:00,241,14,16,19,20,31,6,9
2008-09-26 01:00:00,242,14,29,31,33,37,1,2
2008-10-03 01:00:00,243,4,13,19,23,38,2,3
2008-10-10 01:00:00,244,4,15,22,31,41,1,6
2008-10-17 01:00:00,245,3,10,12,42,50,1,5
2008-10-24 01:00:00,246,7,15,16,17,45,6,9
2008-10-31 00:00:00,247,3,18,25,34,41,2,5
2008-11-07 00:00:00,248,1,9,12,17,18,3,4
2008-11-14 00:00:00,249,8,10,14,21,26,3,4
2008-11-21 00:00:00,250,9,14,21,49,50,3,8
2008-11-28 00:00:00,251,8,11,16,25,41,2,4
2008-12-05 00:00:00,252,4,8,21,35,45,5,8
2008-12-12 00:00:00,253,2,19,28,42,49,2,7
2008-12-19 00:00:00,254,28,29,40,46,50,5,7
2008-12-26 00:00:00,255,1,2,26,44,50,1,7
2009-01-02 00:00:00,256,29,30,36,37,48,1,6
2009-01-09 00:00:00,257,7,15,22,28,48,1,4
2009-01-16 00:00:00,258,3,17,22,49,50,3,6
2009-01-23 00:00:00,259,32,33,36,40,49,2,8
2009-01-30 00:00:00,260,4,29,34,35,46,5,8
2009-02-06 00:00:00,261,10,20,30,36,40,3,5
2009-02-13 00:00:00,262,22,33,36,40,42,1,2
2009-02-20 00:00:00,263,9,12,13,14,48,1,2
2009-02-27 00:00:00,264,5,9,37,44,45,6,9
2009-03-06 00:00:00,265,13,17,19,25,35,5,6
2009-03-13 00:00:00,266,12,24,26,36,42,1,4
2009-03-20 00:00:00,267,12,16,23,31,35,4,6
2009-03-27 00:00:00,268,25,33,36,38,42,6,7
2009-04-03 01:00:00,269,2,20,24,32,46,1,9
2009-04-10 01:00:00,270,9,14,16,37,46,2,4
2009-04-17 01:00:00,271,4,7,21,44,47,1,5
2009-04-24 01:00:00,272,4,14,21,24,41,5,8
2009-05-01 01:00:00,273,5,19,31,38,47,3,5
2009-05-08 01:00:00,274,4,23,24,29,31,8,9
2009-05-15 01:00:00,275,8,18,19,20,42,5,9
2009-05-22 01:00:00,276,4,13,14,33,43,1,6
2009-05-29 01:00:00,277,2,5,30,37,47,3,6
2009-06-05 01:00:00,278,11,19,26,35,40,2,5
2009-06-12 01:00:00,279,6,14,16,34,50,4,6
2009-06-19 01:00:00,280,4,16,17,20,29,5,7
2009-06-26 01:00:00,281,6,11,21,30,39,2,8
2009-07-03 01:00:00,282,21,29,34,46,47,6,8
2009-07-10 01:00:00,283,6,16,20,42,46,1,6
2009-07-17 01:00:00,284,2,8,17,32,50,3,7
2009-07-24 01:00:00,285,14,15,25,35,47,5,9
2009-07-31 01:00:00,286,5,9,20,21,26,3,6
2009-08-07 01:00:00,287,10,20,22,24,31,2,7
2009-08-14 01:00:00,288,5,8,24,30,49,3,9
2009-08-21 01:00:00,289,4,7,16,31,42,3,5
2009-08-28 01:00:00,290,8,36,37,41,49,5,7
2009-09-04 01:00:00,291,6,9,20,38,39,3,9
2009-09-11 01:00:00,292,12,15,35,42,43,4,6
2009-09-18 01:00:00,293,6,16,30,38,41,2,4
2009-09-25 01:00:00,294,6,17,18,21,34,3,9
2009-10-02 01:00:00,295,22,23,24,29,44,1,5
2009-10-09 01:00:00,296,7,11,29,46,50,4,7
2009-10-16 01:00:00,297,12,23,30,31,47,3,4
2009-10-23 01:00:00,298,6,18,20,29,31,2,8
2009-10-30 00:00:00,299,9,33,35,38,40,2,6
2009-11-06 00:00:00,300,11,19,34,43,45,5,9
2009-11-13 00:00:00,301,13,15,25,26,32,3,4
2009-11-20 00:00:00,302,5,9,28,43,47,2,9
2009-11-27 00:00:00,303,5,8,13,15,33,8,9
2009-12-04 00:00:00,304,18,19,25,30,44,1,3
2009-12-11 00:00:00,305,20,41,43,44,46,2,9
2009-12-18 00:00:00,306,14,30,32,35,49,3,8
2009-12-25 00:00:00,307,4,5,14,17,34,3,5
2010-01-01 00:00:00,308,9,22,24,27,36,5,7
2010-01-08 00:00:00,309,4,5,14,44,46,8,9
2010-01-15 00:00:00,310,11,26,29,49,50,4,7
2010-01-22 00:00:00,311,4,22,27,36,44,7,9
2010-01-29 00:00:00,312,9,17,30,39,43,5,7
2010-02-05 00:00:00,313,34,35,38,39,46,3,4
2010-02-12 00:00:00,314,1,5,18,38,45,4,6
2010-02-19 00:00:00,315,12,31,37,38,43,2,3
2010-02-26 00:00:00,316,7,11,18,29,42,6,7
2010-03-05 00:00:00,317,12,18,19,43,49,3,9
2010-03-12 00:00:00,318,1,26,33,36,46,6,7
2010-03-19 00:00:00,319,10,28,30,38,39,2,7
2010-03-26 00:00:00,320,8,16,18,37,43,2,6
2010-04-02 01:00:00,321,12,18,24,26,45,4,5
2010-04-09 01:00:00,322,7,21,23,24,44,3,4
2010-04-16 01:00:00,323,9,11,17,26,40,3,9
2010-04-23 01:00:00,324,3,7,8,43,46,6,8
2010-04-30 01:00:00,325,6,22,24,25,36,3,8
2010-05-07 01:00:00,326,3,6,15,21,32,7,9
2010-05-14 01:00:00,327,1,17,31,43,47,2,3
2010-05-21 01:00:00,328,7,19,30,38,50,4,7
2010-05-28 01:00:00,329,4,9,31,32,33,3,7
2010-06-04 01:00:00,330,4,17,34,40,42,4,9
2010-06-11 01:00:00,331,2,22,24,36,44,1,2
2010-06-18 01:00:00,332,2,29,31,32,38,1,4
2010-06-25 01:00:00,333,1,8,18,28,31,8,9
2010-07-02 01:00:00,334,12,13,36,41,46,1,8
2010-07-09 01:00:00,335,9,24,37,39,49,3,9
2010-07-16 01:00:00,336,38,39,45,46,49,7,8
2010-07-23 01:00:00,337,4,13,35,37,46,3,9
2010-07-30 01:00:00,338,3,4,11,28,39,2,8
2010-08-06 01:00:00,339,13,25,28,29,42,4,5
2010-08-13 01:00:00,340,4,9,15,21,47,2,7
2010-08-20 01:00:00,341,5,27,31,40,42,1,6
2010-08-27 01:00:00,342,1,6,13,30,49,1,9
2010-09-03 01:00:00,343,13,24,26,47,49,4,8
2010-09-10 01:00:00,344,17,21,35,41,45,1,5
2010-09-17 01:00:00,345,17,27,29,38,50,1,3
2010-09-24 01:00:00,346,1,4,16,40,48,1,9
2010-10-01 01:00:00,347,1,4,6,27,48,1,6
2010-10-08 01:00:00,348,9,30,35,39,46,6,8
2010-10-15 01:00:00,349,2,31,36,38,43,3,7
2010-10-22 01:00:00,350,4,5,9,11,39,3,5
2010-10-29 01:00:00,351,16,20,22,32,42,8,9
2010-11-05 00:00:00,352,21,23,33,40,50,4,5
2010-11-12 00:00:00,353,7,19,23,29,47,1,6
2010-11-19 00:00:00,354,12,15,32,36,45,7,9
2010-11-26 00:00:00,355,9,28,36,41,49,5,7
2010-12-03 00:00:00,356,8,19,28,32,46,4,7
2010-12-10 00:00:00,357,2,3,10,33,46,7,8
2010-12-17 00:00:00,358,3,20,29,35,42,3,8
2010-12-24 00:00:00,359,19,36,38,42,46,2,8
2010-12-31 00:00:00,360,2,24,34,38,43,1,7
2011-01-07 00:00:00,361,1,22,32,48,50,6,7
2011-01-14 00:00:00,362,2,14,24,39,44,6,7
2011-01-21 00:00:00,363,3,11,13,18,21,4,5
2011-01-28 00:00:00,364,13,23,24,41,42,1,5
2011-02-04 00:00:00,365,2,11,24,35,47,5,9
2011-02-11 00:00:00,366,12,14,15,19,23,7,8
2011-02-18 00:00:00,367,2,3,15,45,49,5,9
2011-02-25 00:00:00,368,12,13,42,45,48,3,9
2011-03-04 00:00:00,369,11,25,27,28,41,5,8
2011-03-11 00:00:00,370,17,19,24,37,46,2,7
2011-03-18 00:00:00,371,1,13,20,26,50,6,7
2011-03-25 00:00:00,372,6,12,21,27,33,3,7
2011-04-01 01:00:00,373,4,17,21,22,33,4,8
2011-04-08 01:00:00,374,21,23,38,47,50,2,6
2011-04-15 01:00:00,375,4,6,21,39,41,2,6
2011-04-22 01:00:00,376,11,22,36,45,48,1,4
2011-04-29 01:00:00,377,15,25,38,40,41,1,2
2011-05-06 01:00:00,378,11,16,20,22,28,4,9
2011-05-10 01:00:00,379,3,10,15,28,45,5,7
2011-05-13 01:00:00,380,9,11,17,36,47,1,2
2011-05-17 01:00:00,381,20,21,37,45,46,2,3
2011-05-20 01:00:00,382,10,14,20,25,42,8,11
2011-05-24 01:00:00,383,16,23,24,26,29,2,9
2011-05-27 01:00:00,384,9,17,25,28,49,8,9
2011-05-31 01:00:00,385,1,9,10,22,50,5,11
2011-06-03 01:00:00,386,4,39,40,49,50,2,5
2011-06-07 01:00:00,387,6,25,36,38,40,4,10
2011-06-10 01:00:00,388,3,19,20,37,48,8,11
2011-06-14 01:00:00,389,5,12,19,41,48,8,10
2011-06-17 01:00:00,390,11,16,21,22,44,3,8
2011-06-21 01:00:00,391,17,20,35,49,50,3,4
2011-06-24 01:00:00,392,5,16,20,30,41,6,11
2011-06-28 01:00:00,393,15,16,30,44,50,2,3
2011-07-01 01:00:00,394,8,11,23,31,46,8,9
2011-07-05 01:00:00,395,11,28,29,47,49,1,5
2011-07-08 01:00:00,396,12,13,23,40,49,7,10
2011-07-12 01:00:00,397,17,19,38,42,45,9,10
2011-07-15 01:00:00,398,6,26,33,34,39,3,4
2011-07-19 01:00:00,399,3,16,25,26,35,5,9
2011-07-22 01:00:00,400,4,15,23,49,50,2,6
2011-07-26 01:00:00,401,1,5,22,25,48,3,11
2011-07-29 01:00:00,402,12,19,27,37,38,5,10
2011-08-02 01:00:00,403,5,8,14,24,33,3,8
2011-08-05 01:00:00,404,13,14,18,32,34,1,10
2011-08-09 01:00:00,405,7,23,24,34,36,8,11
2011-08-12 01:00:00,406,7,10,20,27,37,4,7
2011-08-16 01:00:00,407,1,13,17,18,45,3,8
2011-08-19 01:00:00,408,6,14,16,28,31,2,11
2011-08-23 01:00:00,409,4,6,14,42,50,2,4
2011-08-26 01:00:00,410,12,22,25,33,45,5,7
2011-08-30 01:00:00,411,2,8,10,19,46,5,9
2011-09-02 01:00:00,412,12,26,37,38,44,4,7
2011-09-06 01:00:00,413,35,42,47,48,50,8,9
2011-09-09 01:00:00,414,5,21,28,31,34,1,2
2011-09-13 01:00:00,415,9,28,30,32,49,9,10
2011-09-16 01:00:00,416,2,8,17,39,42,3,10
2011-09-20 01:00:00,417,9,19,25,36,38,7,11
2011-09-23 01:00:00,418,6,14,33,34,48,2,6
2011-09-27 01:00:00,419,18,27,28,35,40,3,5
2011-09-30 01:00:00,420,5,15,28,31,44,1,6
2011-10-04 01:00:00,421,14,16,23,38,45,8,11
2011-10-07 01:00:00,422,18,26,34,38,42,5,8
2011-10-11 01:00:00,423,1,4,12,16,48,9,10
2011-10-14 01:00:00,424,12,23,29,32,47,3,5
2011-10-18 01:00:00,425,18,23,37,46,48,2,10
2011-10-21 01:00:00,426,2,19,33,37,46,5,8
2011-10-25 01:00:00,427,12,22,27,28,39,4,10
2011-10-28 01:00:00,428,16,17,20,39,50,4,8
2011-11-01 00:00:00,429,14,20,23,45,46,1,11
2011-11-04 00:00:00,430,11,14,41,43,50,2,9
2011-11-08 00:00:00,431,1,4,15,29,40,1,5
2011-11-11 00:00:00,432,1,4,18,23,30,3,7
2011-11-15 00:00:00,433,6,17,22,45,47,3,11
2011-11-18 00:00:00,434,4,12,24,39,44,2,4
2011-11-22 00:00:00,435,16,18,24,38,40,2,4
2011-11-25 00:00:00,436,14,19,26,28,34,5,8
2011-11-29 00:00:00,437,11,25,41,45,50,2,7
2011-12-02 00:00:00,438,7,27,30,40,43,8,9
2011-12-06 00:00:00,439,19,20,21,34,38,3,9
2011-12-09 00:00:00,440,12,21,29,44,47,1,2
2011-12-13 00:00:00,441,7,12,18,33,37,1,11
2011-12-16 00:00:00,442,2,5,10,23,31,2,5
2011-12-20 00:00:00,443,1,9,12,14,48,1,7
2011-12-23 00:00:00,444,7,21,22,24,28,1,11
2011-12-27 00:00:00,445,19,21,25,26,44,3,7
2011-12-30 00:00:00,446,16,36,43,44,50,7,8
2012-01-03 00:00:00,447,3,30,42,45,49,5,10
2012-01-06 00:00:00,448,1,6,10,12,31,2,7
2012-01-10 00:00:00,449,4,9,10,30,40,2,9
2012-01-13 00:00:00,450,13,14,21,27,39,6,8
2012-01-17 00:00:00,451,12,22,30,31,44,5,6
2012-01-20 00:00:00,452,2,10,22,27,28,6,8
2012-01-24 00:00:00,453,1,2,6,20,36,8,11
2012-01-27 00:00:00,454,10,13,19,39,44,2,6
2012-01-31 00:00:00,455,9,34,38,43,45,2,4
2012-02-03 00:00:00,456,16,19,20,25,28,1,10
2012-02-07 00:00:00,457,3,15,17,28,33,2,4
2012-02-10 00:00:00,458,3,8,14,31,41,7,11
2012-02-14 00:00:00,459,14,27,36,42,46,8,11
2012-02-17 00:00:00,460,4,11,28,38,47,10,11
2012-02-21 00:00:00,461,11,14,24,25,29,7,11
2012-02-24 00:00:00,462,3,7,12,26,34,8,10
2012-02-28 00:00:00,463,1,10,17,33,48,2,3
2012-03-02 00:00:00,464,5,6,11,30,44,2,6
2012-03-06 00:00:00,465,23,24,27,37,47,2,6
2012-03-09 00:00:00,466,3,32,36,39,47,6,9
2012-03-13 00:00:00,467,1,10,25,43,47,8,9
2012-03-16 00:00:00,468,3,4,12,23,50,4,7
2012-03-20 00:00:00,469,15,16,28,30,46,3,4
2012-03-23 00:00:00,470,9,15,23,31,50,8,11
2012-03-27 01:00:00,471,24,27,29,34,36,7,8
2012-03-30 01:00:00,472,4,17,23,36,46,6,10
2012-04-03 01:00:00,473,1,8,18,25,30,9,10
2012-04-06 01:00:00,474,11,20,30,35,45,2,3
2012-04-10 01:00:00,475,22,25,27,36,37,5,9
2012-04-13 01:00:00,476,8,13,26,39,43,3,5
2012-04-17 01:00:00,477,10,28,33,48,49,1,10
2012-04-20 01:00:00,478,3,6,29,32,41,10,11
2012-04-24 01:00:00,479,8,9,24,43,48,3,5
2012-04-27 01:00:00,480,20,27,30,36,43,1,6
2012-05-01 01:00:00,481,4,5,15,19,41,9,11
2012-05-04 01:00:00,482,3,26,39,40,41,1,2
2012-05-08 01:00:00,483,3,21,34,38,48,5,8
2012-05-11 01:00:00,484,1,13,17,38,44,2,11
2012-05-15 01:00:00,485,2,11,13,26,50,2,5
2012-05-18 01:00:00,486,13,29,43,47,50,9,11
2012-05-22 01:00:00,487,16,31,32,37,41,1,7
2012-05-25 01:00:00,488,12,22,35,46,49,2,8
2012-05-29 01:00:00,489,8,15,17,25,28,3,11
2012-06-01 01:00:00,490,2,4,14,26,36,9,10
2012-06-05 01:00:00,491,13,34,37,47,49,8,9
2012-06-08 01:00:00,492,5,11,22,34,40,9,11
2012-06-12 01:00:00,493,8,15,26,30,48,9,10
2012-06-15 01:00:00,494,10,22,27,38,48,3,7
2012-06-19 01:00:00,495,7,17,20,35,50,5,11
2012-06-22 01:00:00,496,14,18,19,43,49,3,7
2012-06-26 01:00:00,497,1,11,20,22,35,8,10
2012-06-29 01:00:00,498,14,17,28,29,39,1,11
2012-07-03 01:00:00,499,2,7,22,27,40,3,6
2012-07-06 01:00:00,500,31,32,38,40,42,1,3
2012-07-10 01:00:00,501,1,3,16,24,37,1,8
2012-07-13 01:00:00,502,8,18,25,35,46,4,9
2012-07-17 01:00:00,503,2,7,24,43,46,8,10
2012-07-20 01:00:00,504,10,19,23,45,49,9,10
2012-07-24 01:00:00,505,4,16,18,25,44,1,11
2012-07-27 01:00:00,506,14,15,21,23,48,2,10
2012-07-31 01:00:00,507,4,29,35,36,39,8,9
2012-08-03 01:00:00,508,24,34,35,42,46,1,5
2012-08-07 01:00:00,509,20,27,34,46,50,2,3
2012-08-10 01:00:00,510,11,17,21,48,50,9,10
2012-08-14 01:00:00,511,1,16,38,42,45,9,10
2012-08-17 01:00:00,512,19,25,28,33,44,2,8
2012-08-21 01:00:00,513,4,5,17,38,48,3,4
2012-08-24 01:00:00,514,5,6,12,19,37,3,7
2012-08-28 01:00:00,515,1,18,25,26,44,4,5
2012-08-31 01:00:00,516,16,28,31,33,48,7,11
2012-09-04 01:00:00,517,11,17,18,39,44,5,10
2012-09-07 01:00:00,518,13,15,30,35,42,4,6
2012-09-11 01:00:00,519,6,15,22,37,44,2,4
2012-09-14 01:00:00,520,3,10,23,27,44,7,9
2012-09-18 01:00:00,521,6,7,38,39,44,7,9
2012-09-21 01:00:00,522,4,19,34,41,43,7,11
2012-09-25 01:00:00,523,7,25,27,48,49,1,4
2012-09-28 01:00:00,524,20,23,26,30,33,6,9
2012-10-02 01:00:00,525,4,16,21,36,42,7,8
2012-10-05 01:00:00,526,9,16,18,19,21,2,3
2012-10-09 01:00:00,527,2,8,10,23,25,8,9
2012-10-12 01:00:00,528,6,7,17,35,43,2,8
2012-10-16 01:00:00,529,10,32,40,41,49,2,8
2012-10-19 01:00:00,530,16,29,37,40,44,8,10
2012-10-23 01:00:00,531,1,28,35,38,50,2,10
2012-10-26 01:00:00,532,5,6,9,27,38,5,11
2012-10-30 00:00:00,533,23,24,25,31,44,2,3
2012-11-02 00:00:00,534,3,6,10,11,44,3,4
2012-11-06 00:00:00,535,7,20,25,35,41,1,9
2012-11-09 00:00:00,536,14,21,22,28,47,4,5
2012-11-13 00:00:00,537,11,16,21,24,29,2,6
2012-11-16 00:00:00,538,10,15,19,23,41,2,9
2012-11-20 00:00:00,539,28,30,42,45,49,5,10
2012-11-23 00:00:00,540,1,9,11,20,40,1,5
2012-11-27 00:00:00,541,6,10,23,44,49,1,7
2012-11-30 00:00:00,542,10,18,23,24,40,3,4
2012-12-04 00:00:00,543,5,10,28,29,44,2,4
2012-12-07 00:00:00,544,10,16,18,31,42,2,5
2012-12-11 00:00:00,545,1,4,9,43,50,6,8
2012-12-14 00:00:00,546,10,11,29,40,43,3,11
2012-12-18 00:00:00,547,14,18,20,35,44,2,5
2012-12-21 00:00:00,548,3,5,22,40,42,3,10
2012-12-25 00:00:00,549,14,18,20,23,32,3,10
2012-12-28 00:00:00,550,17,24,26,27,49,3,5
2013-01-01 00:00:00,551,2,7,8,36,49,1,11
2013-01-04 00:00:00,552,4,10,22,27,41,8,10
2013-01-08 00:00:00,553,2,20,22,26,47,5,9
2013-01-11 00:00:00,554,4,22,29,37,41,4,7
2013-01-15 00:00:00,555,22,38,40,42,47,1,11
2013-01-18 00:00:00,556,4,26,27,30,39,3,10
2013-01-22 00:00:00,557,1,10,44,45,48,1,4
2013-01-25 00:00:00,558,3,10,18,31,37,2,4
2013-01-29 00:00:00,559,9,16,26,36,39,2,6
2013-02-01 00:00:00,560,5,21,34,37,38,1,6
2013-02-05 00:00:00,561,6,25,31,40,45,6,7
2013-02-08 00:00:00,562,9,11,14,34,44,10,11
2013-02-12 00:00:00,563,5,11,16,25,28,7,9
2013-02-15 00:00:00,564,2,4,22,28,42,4,9
2013-02-19 00:00:00,565,12,15,28,30,44,8,9
2013-02-22 00:00:00,566,15,16,28,36,37,2,11
2013-02-26 00:00:00,567,3,12,13,17,30,2,6
2013-03-01 00:00:00,568,1,11,29,36,42,4,5
2013-03-05 00:00:00,569,8,19,31,33,39,2,7
2013-03-08 00:00:00,570,3,20,23,28,42,8,11
2013-03-12 00:00:00,571,2,4,10,22,50,5,8
2013-03-15 00:00:00,572,4,14,21,24,39,3,10
2013-03-19 00:00:00,573,19,32,35,37,44,1,9
2013-03-22 00:00:00,574,12,27,32,34,49,8,9
2013-03-26 00:00:00,575,4,26,30,42,44,6,11
2013-03-29 00:00:00,576,13,30,43,44,46,5,9
2013-04-02 01:00:00,577,12,17,25,29,41,1,4
2013-04-05 01:00:00,578,1,11,17,32,39,2,7
2013-04-09 01:00:00,579,15,35,38,44,48,5,10
2013-04-12 01:00:00,580,5,10,15,28,45,3,9
2013-04-16 01:00:00,581,1,11,22,33,50,4,6
2013-04-19 01:00:00,582,1,8,42,46,48,4,7
2013-04-23 01:00:00,583,1,4,7,10,50,4,11
2013-04-26 01:00:00,584,11,16,24,38,40,2,5
2013-04-30 01:00:00,585,13,36,40,43,50,5,9
2013-05-03 01:00:00,586,3,5,34,40,49,2,3
2013-05-07 01:00:00,587,13,27,28,42,43,4,6
2013-05-10 01:00:00,588,1,32,35,45,48,4,11
2013-05-14 01:00:00,589,7,8,24,27,36,5,11
2013-05-17 01:00:00,590,6,20,24,25,50,9,10
2013-05-21 01:00:00,591,7,8,19,28,29,5,9
2013-05-24 01:00:00,592,7,17,22,27,40,2,3
2013-05-28 01:00:00,593,8,13,26,34,38,3,11
2013-05-31 01:00:00,594,27,28,29,34,43,5,10
2013-06-04 01:00:00,595,31,33,34,37,40,1,6
2013-06-07 01:00:00,596,7,14,26,45,50,2,7
2013-06-11 01:00:00,597,5,7,9,25,41,1,5
2013-06-14 01:00:00,598,10,25,41,47,48,6,10
2013-06-18 01:00:00,599,17,24,33,41,44,1,11
2013-06-21 01:00:00,600,10,11,30,36,45,1,2
2013-06-25 01:00:00,601,4,5,13,27,35,1,2
2013-06-28 01:00:00,602,1,15,28,35,47,1,7
2013-07-02 01:00:00,603,11,13,14,28,30,4,5
2013-07-05 01:00:00,604,4,12,15,28,33,1,10
2013-07-09 01:00:00,605,16,18,31,38,49,4,10
2013-07-12 01:00:00,606,18,26,32,33,42,2,3
2013-07-16 01:00:00,607,19,23,34,47,50,4,6
2013-07-19 01:00:00,608,13,16,24,26,35,2,5
2013-07-23 01:00:00,609,14,15,16,19,44,4,5
2013-07-26 01:00:00,610,12,23,29,38,49,3,4
2013-07-30 01:00:00,611,3,4,11,14,43,1,6
2013-08-02 01:00:00,612,21,36,37,42,48,4,7
2013-08-06 01:00:00,613,16,17,31,47,49,3,11
2013-08-09 01:00:00,614,4,7,9,23,24,8,9
2013-08-13 01:00:00,615,5,17,20,47,50,1,4
2013-08-16 01:00:00,616,20,24,27,37,39,5,10
2013-08-20 01:00:00,617,5,11,42,49,50,8,11
2013-08-23 01:00:00,618,1,6,26,30,37,5,8
2013-08-27 01:00:00,619,7,30,38,40,43,2,6
2013-08-30 01:00:00,620,2,17,25,36,45,5,9
2013-09-03 01:00:00,621,5,9,16,18,42,7,9
2013-09-06 01:00:00,622,11,23,25,32,37,4,7
2013-09-10 01:00:00,623,7,11,14,28,30,2,10
2013-09-13 01:00:00,624,4,6,14,27,33,5,10
2013-09-17 01:00:00,625,13,17,21,42,44,9,11
2013-09-20 01:00:00,626,5,11,35,38,45,2,3
2013-09-24 01:00:00,627,10,20,26,28,43,9,11
2013-09-27 01:00:00,628,11,15,38,41,43,2,6
2013-10-01 01:00:00,629,19,23,25,44,48,8,9
2013-10-04 01:00:00,630,6,20,24,35,50,5,10
2013-10-08 01:00:00,631,23,24,26,33,42,3,5
2013-10-11 01:00:00,632,6,12,17,23,43,5,9
2013-10-15 01:00:00,633,18,27,39,43,47,4,7
2013-10-18 01:00:00,634,5,25,36,46,47,2,6
2013-10-22 01:00:00,635,29,33,39,41,44,9,11
2013-10-25 01:00:00,636,2,3,10,31,38,6,10
2013-10-29 00:00:00,637,9,10,30,32,37,2,6
2013-11-01 00:00:00,638,7,19,29,30,33,3,8
2013-11-05 00:00:00,639,6,12,13,35,38,2,3
2013-11-08 00:00:00,640,20,28,35,42,43,8,10
2013-11-12 00:00:00,641,14,29,37,40,48,2,11
2013-11-15 00:00:00,642,3,13,15,29,42,1,4
2013-11-19 00:00:00,643,14,15,19,36,45,1,10
2013-11-22 00:00:00,644,13,25,26,40,50,8,9
2013-11-26 00:00:00,645,19,23,27,42,44,3,5
2013-11-29 00:00:00,646,2,7,10,23,43,4,7
2013-12-03 00:00:00,647,6,13,15,29,32,2,9
2013-12-06 00:00:00,648,1,2,18,31,36,7,10
2013-12-10 00:00:00,649,6,24,35,49,50,1,7
2013-12-13 00:00:00,650,1,22,23,24,31,6,11
2013-12-17 00:00:00,651,6,8,27,37,41,7,10
2013-12-20 00:00:00,652,12,13,17,22,43,3,10
2013-12-24 00:00:00,653,5,19,31,43,50,2,6
2013-12-27 00:00:00,654,1,6,13,22,28,5,10
2013-12-31 00:00:00,655,13,20,24,29,45,3,7
2014-01-03 00:00:00,656,3,27,31,38,44,3,8
2014-01-07 00:00:00,657,2,20,27,33,45,6,10
2014-01-10 00:00:00,658,1,2,11,27,29,1,10
2014-01-14 00:00:00,659,18,20,25,26,37,10,11
2014-01-17 00:00:00,660,19,26,32,33,42,4,10
2014-01-21 00:00:00,661,4,12,35,42,48,5,8
2014-01-24 00:00:00,662,5,19,34,35,41,1,5
2014-01-28 00:00:00,663,18,20,23,42,48,2,9
2014-01-31 00:00:00,664,8,10,15,16,31,8,9
2014-02-04 00:00:00,665,1,21,33,37,38,4,8
2014-02-07 00:00:00,666,3,17,19,46,47,9,10
2014-02-11 00:00:00,667,8,17,25,41,47,1,2
2014-02-14 00:00:00,668,2,4,6,19,39,2,7
2014-02-18 00:00:00,669,23,26,36,37,49,6,7
2014-02-21 00:00:00,670,13,17,28,30,32,5,7
2014-02-25 00:00:00,671,21,25,28,35,42,4,6
2014-02-28 00:00:00,672,12,32,38,43,44,2,7
2014-03-04 00:00:00,673,3,5,22,27,44,1,6
2014-03-07 00:00:00,674,5,10,38,40,41,1,8
2014-03-11 00:00:00,675,1,4,23,33,44,7,8
2014-03-14 00:00:00,676,6,24,25,27,30,5,9
2014-03-18 00:00:00,677,8,27,34,36,39,5,10
2014-03-21 00:00:00,678,7,30,37,39,42,5,7
2014-03-25 00:00:00,679,7,20,26,28,50,2,8
2014-03-28 00:00:00,680,3,4,19,28,43,3,7
2014-04-01 01:00:00,681,16,18,26,38,44,8,10
2014-04-04 01:00:00,682,6,10,28,45,50,10,11
2014-04-08 01:00:00,683,11,18,29,42,49,4,11
2014-04-11 01:00:00,684,8,12,19,30,33,4,11
2014-04-15 01:00:00,685,3,14,26,47,50,7,11
2014-04-18 01:00:00,686,21,24,31,39,47,3,7
2014-04-22 01:00:00,687,13,15,20,24,46,1,8
2014-04-25 01:00:00,688,13,21,24,44,49,1,9
2014-04-29 01:00:00,689,18,23,26,35,44,3,11
2014-05-02 01:00:00,690,4,30,31,38,42,2,11
2014-05-06 01:00:00,691,5,19,24,31,37,1,9
2014-05-09 01:00:00,692,3,21,26,28,45,7,10
2014-05-13 01:00:00,693,4,13,30,34,47,2,6
2014-05-16 01:00:00,694,23,26,29,37,40,3,4
2014-05-20 01:00:00,695,5,33,36,38,47,4,9
2014-05-23 01:00:00,696,3,8,31,34,47,9,11
2014-05-27 01:00:00,697,7,13,16,25,26,1,6
2014-05-30 01:00:00,698,5,24,27,41,45,6,7
2014-06-03 01:00:00,699,2,15,32,39,44,5,10
2014-06-06 01:00:00,700,7,25,34,40,49,9,11
2014-06-10 01:00:00,701,12,18,21,32,33,1,11
2014-06-13 01:00:00,702,16,18,22,28,46,9,11
2014-06-17 01:00:00,703,11,13,37,40,48,8,9
2014-06-20 01:00:00,704,5,15,25,38,49,1,2
2014-06-24 01:00:00,705,1,7,20,21,48,4,7
2014-06-27 01:00:00,706,31,33,34,39,45,2,10
2014-07-01 01:00:00,707,18,22,25,27,39,5,10
2014-07-04 01:00:00,708,4,18,39,43,47,2,6
2014-07-08 01:00:00,709,8,18,22,24,27,4,11
2014-07-11 01:00:00,710,5,22,35,38,49,4,7
2014-07-15 01:00:00,711,15,18,20,27,34,1,3
2014-07-18 01:00:00,712,1,11,29,41,43,3,11
2014-07-22 01:00:00,713,1,24,43,45,50,5,8
2014-07-25 01:00:00,714,9,10,12,24,43,5,9
2014-07-29 01:00:00,715,10,23,35,40,43,3,9
2014-08-01 01:00:00,716,24,44,46,48,50,5,10
2014-08-05 01:00:00,717,5,7,19,21,42,5,11
2014-08-08 01:00:00,718,21,29,35,43,46,1,9
2014-08-12 01:00:00,719,7,16,19,22,33,2,5
2014-08-15 01:00:00,720,4,5,21,23,30,8,10
2014-08-19 01:00:00,721,4,7,11,34,47,7,8
2014-08-22 01:00:00,722,4,17,29,35,49,1,2
2014-08-26 01:00:00,723,10,22,36,45,48,4,11
2014-08-29 01:00:00,724,2,9,26,32,38,3,6
2014-09-02 01:00:00,725,5,25,31,39,45,1,8
2014-09-05 01:00:00,726,1,18,23,46,50,3,9
2014-09-09 01:00:00,727,8,15,19,24,35,8,10
2014-09-12 01:00:00,728,9,13,26,31,33,7,11
2014-09-16 01:00:00,729,4,29,30,35,50,2,4
2014-09-19 01:00:00,730,6,8,34,38,48,3,9
2014-09-23 01:00:00,731,12,13,14,29,35,1,7
2014-09-26 01:00:00,732,13,27,35,46,47,1,2
2014-09-30 01:00:00,733,3,13,15,33,42,5,7
2014-10-03 01:00:00,734,4,13,23,48,50,5,10
2014-10-07 01:00:00,735,9,21,28,30,38,1,8
2014-10-10 01:00:00,736,6,29,42,45,47,9,10
2014-10-14 01:00:00,737,4,5,15,23,32,3,7
2014-10-17 01:00:00,738,1,13,40,48,49,8,10
2014-10-21 01:00:00,739,20,21,27,33,40,3,10
2014-10-24 01:00:00,740,3,9,20,30,42,1,6
2014-10-28 00:00:00,741,10,15,17,40,45,1,2
2014-10-31 00:00:00,742,10,13,20,33,41,3,9
2014-11-04 00:00:00,743,1,6,13,17,26,3,5
2014-11-07 00:00:00,744,13,25,32,38,46,1,10
2014-11-11 00:00:00,745,2,14,21,36,46,7,11
2014-11-14 00:00:00,746,17,32,36,38,48,5,8
2014-11-18 00:00:00,747,2,3,17,36,38,4,11
2014-11-21 00:00:00,748,4,7,28,32,37,5,10
2014-11-25 00:00:00,749,3,7,25,32,36,1,6
2014-11-28 00:00:00,750,6,10,15,23,41,4,10
2014-12-02 00:00:00,751,3,15,25,44,49,1,9
2014-12-05 00:00:00,752,5,8,37,47,48,2,3
2014-12-09 00:00:00,753,1,3,31,42,46,4,11
2014-12-12 00:00:00,754,2,15,28,31,37,4,6
2014-12-16 00:00:00,755,3,7,12,13,25,5,8
2014-12-19 00:00:00,756,23,29,31,39,44,5,8
2014-12-23 00:00:00,757,8,9,19,25,49,2,10
2014-12-26 00:00:00,758,17,26,27,45,49,2,3
2014-12-30 00:00:00,759,6,18,39,44,50,8,11
2015-01-02 00:00:00,760,22,24,25,28,49,3,6
2015-01-06 00:00:00,761,14,20,30,38,49,3,4
2015-01-09 00:00:00,762,6,21,24,32,45,1,11
2015-01-13 00:00:00,763,8,17,21,31,34,9,10
2015-01-16 00:00:00,764,29,30,32,34,46,3,6
2015-01-20 00:00:00,765,15,33,41,44,47,8,10
2015-01-23 00:00:00,766,6,29,30,38,45,1,8
2015-01-27 00:00:00,767,5,10,31,33,40,8,10
2015-01-30 00:00:00,768,9,13,15,19,24,3,8
2015-02-03 00:00:00,769,17,31,33,44,50,7,11
2015-02-06 00:00:00,770,10,26,30,39,50,7,8
2015-02-10 00:00:00,771,13,17,20,30,45,9,10
2015-02-13 00:00:00,772,12,24,39,42,44,3,11
2015-02-17 00:00:00,773,2,5,18,30,43,1,10
2015-02-20 00:00:00,774,4,10,14,37,46,4,7
2015-02-24 00:00:00,775,3,25,28,34,50,1,11
2015-02-27 00:00:00,776,5,14,17,25,47,9,10
2015-03-03 00:00:00,777,6,8,11,13,21,7,8
2015-03-06 00:00:00,778,23,30,47,49,50,2,7
2015-03-10 00:00:00,779,2,6,23,30,31,2,10
2015-03-13 00:00:00,780,4,5,18,22,23,1,3
2015-03-17 00:00:00,781,11,23,26,38,44,1,8
2015-03-20 00:00:00,782,3,14,37,42,48,1,10
2015-03-24 00:00:00,783,10,24,26,39,40,3,10
2015-03-27 00:00:00,784,2,30,32,39,44,6,10
2015-03-31 01:00:00,785,8,20,24,28,49,8,9
2015-04-03 01:00:00,786,27,29,37,39,49,2,4
2015-04-07 01:00:00,787,18,25,39,44,50,5,8
2015-04-10 01:00:00,788,22,23,25,30,43,5,9
2015-04-14 01:00:00,789,24,32,34,35,49,1,2
2015-04-17 01:00:00,790,2,24,30,34,39,8,11
2015-04-21 01:00:00,791,6,14,17,42,45,1,8
2015-04-24 01:00:00,792,5,19,29,31,40,3,10
2015-04-28 01:00:00,793,24,26,28,36,45,7,10
2015-05-01 01:00:00,794,3,19,20,25,26,6,10
2015-05-05 01:00:00,795,1,10,17,20,42,8,9
2015-05-08 01:00:00,796,7,14,19,47,49,3,10
2015-05-12 01:00:00,797,14,29,30,40,46,3,6
2015-05-15 01:00:00,798,5,35,42,44,47,8,9
2015-05-19 01:00:00,799,26,30,31,35,37,8,11
2015-05-22 01:00:00,800,18,24,35,44,45,5,11
2015-05-26 01:00:00,801,5,6,7,21,24,5,6
2015-05-29 01:00:00,802,3,4,20,45,48,6,8
2015-06-02 01:00:00,803,7,23,29,37,41,1,8
2015-06-05 01:00:00,804,2,7,8,45,48,1,9
2015-06-09 01:00:00,805,5,9,17,32,34,6,8
2015-06-12 01:00:00,806,5,8,10,11,37,7,9
2015-06-16 01:00:00,807,10,15,16,36,37,3,9
2015-06-19 01:00:00,808,7,14,20,31,42,3,9
2015-06-23 01:00:00,809,4,16,22,38,49,6,9
2015-06-26 01:00:00,810,3,6,10,19,24,5,7
2015-06-30 01:00:00,811,11,15,28,34,37,1,8
2015-07-03 01:00:00,812,11,12,15,18,44,3,9
2015-07-07 01:00:00,813,6,7,18,33,41,3,10
2015-07-10 01:00:00,814,5,8,15,35,41,4,5
2015-07-14 01:00:00,815,6,18,19,34,36,1,8
2015-07-17 01:00:00,816,1,21,22,43,48,7,9
2015-07-21 01:00:00,817,14,20,27,29,44,7,10
2015-07-24 01:00:00,818,2,9,21,35,46,2,11
2015-07-28 01:00:00,819,23,32,36,43,49,7,8
2015-07-31 01:00:00,820,16,21,34,40,50,6,9
2015-08-04 01:00:00,821,10,15,39,45,50,9,10
2015-08-07 01:00:00,822,1,5,21,39,44,4,11
2015-08-11 01:00:00,823,2,3,8,15,16,4,11
2015-08-14 01:00:00,824,4,7,39,44,45,3,5
2015-08-18 01:00:00,825,7,10,11,12,19,2,9
2015-08-21 01:00:00,826,4,16,18,43,47,6,10
2015-08-25 01:00:00,827,27,31,33,42,50,2,5
2015-08-28 01:00:00,828,11,29,30,31,34,4,7
2015-09-01 01:00:00,829,6,19,21,27,45,1,8
2015-09-04 01:00:00,830,8,9,27,45,50,8,10
2015-09-08 01:00:00,831,14,16,39,40,42,1,4
2015-09-11 01:00:00,832,10,18,19,29,50,1,9
2015-09-15 01:00:00,833,8,15,17,44,49,5,8
2015-09-18 01:00:00,834,7,29,33,34,39,7,8
2015-09-22 01:00:00,835,14,23,26,27,29,7,10
2015-09-25 01:00:00,836,13,14,23,30,37,2,8
2015-09-29 01:00:00,837,11,14,26,29,49,3,9
2015-10-02 01:00:00,838,7,18,21,32,35,2,11
2015-10-06 01:00:00,839,11,20,22,29,32,1,8
2015-10-09 01:00:00,840,1,40,42,43,47,9,11
2015-10-13 01:00:00,841,12,15,26,29,47,3,11
2015-10-16 01:00:00,842,7,28,29,43,48,3,10
2015-10-20 01:00:00,843,17,19,21,30,45,8,10
2015-10-23 01:00:00,844,7,25,30,32,39,2,8
2015-10-27 00:00:00,845,11,12,20,25,36,6,9
2015-10-30 00:00:00,846,8,13,17,21,34,6,7
2015-11-03 00:00:00,847,8,27,39,46,49,2,6
2015-11-06 00:00:00,848,3,17,26,38,40,4,10
2015-11-10 00:00:00,849,6,13,18,39,43,2,8
2015-11-13 00:00:00,850,10,17,18,33,40,2,8
2015-11-17 00:00:00,851,6,7,23,37,38,10,11
2015-11-20 00:00:00,852,4,30,34,46,49,7,8
2015-11-24 00:00:00,853,9,14,16,17,26,10,11
2015-11-27 00:00:00,854,16,29,30,37,50,6,8
2015-12-01 00:00:00,855,2,15,25,35,45,8,10
2015-12-04 00:00:00,856,8,17,18,27,39,1,7
2015-12-08 00:00:00,857,12,17,29,38,48,9,11
2015-12-11 00:00:00,858,3,5,21,40,43,6,11
2015-12-15 00:00:00,859,8,11,23,27,35,4,11
2015-12-18 00:00:00,860,6,22,26,29,48,5,6
2015-12-22 00:00:00,861,18,19,20,40,41,7,10
2015-12-25 00:00:00,862,3,10,25,27,40,3,9
2015-12-29 00:00:00,863,5,20,31,32,36,6,7
2016-01-01 00:00:00,864,4,37,38,39,44,4,7
2016-01-05 00:00:00,865,6,10,31,36,39,6,10
2016-01-08 00:00:00,866,5,26,33,35,40,3,8
2016-01-12 00:00:00,867,1,2,10,30,44,1,8
2016-01-15 00:00:00,868,10,19,38,43,46,1,11
2016-01-19 00:00:00,869,2,30,38,43,46,2,7
2016-01-22 00:00:00,870,10,12,27,30,47,8,9
2016-01-26 00:00:00,871,15,24,38,40,48,2,9
2016-01-29 00:00:00,872,1,5,23,29,32,1,7
2016-02-02 00:00:00,873,6,9,10,21,36,2,6
2016-02-05 00:00:00,874,3,27,32,41,46,4,8
2016-02-09 00:00:00,875,6,9,13,28,37,4,5
2016-02-12 00:00:00,876,3,20,28,31,49,2,5
2016-02-16 00:00:00,877,3,10,22,37,50,6,10
2016-02-19 00:00:00,878,13,14,30,32,39,3,9
2016-02-23 00:00:00,879,23,25,32,37,42,1,11
2016-02-26 00:00:00,880,5,13,15,33,50,9,11
2016-03-01 00:00:00,881,4,7,13,28,37,10,11
2016-03-04 00:00:00,882,9,14,16,23,40,1,5
2016-03-08 00:00:00,883,1,8,9,14,23,1,7
2016-03-11 00:00:00,884,1,21,26,40,43,6,9
2016-03-15 00:00:00,885,5,7,10,34,44,2,10
2016-03-18 00:00:00,886,14,19,21,24,49,5,11
2016-03-22 00:00:00,887,12,15,26,42,49,5,8
2016-03-25 00:00:00,888,12,19,36,42,43,5,6
2016-03-29 01:00:00,889,1,4,19,25,36,3,11
2016-04-01 01:00:00,890,2,16,23,25,49,6,9
2016-04-05 01:00:00,891,3,5,9,19,40,2,5
2016-04-08 01:00:00,892,6,8,26,43,49,6,10
2016-04-12 01:00:00,893,1,5,9,22,38,2,10
2016-04-15 01:00:00,894,13,14,32,37,48,1,7
2016-04-19 01:00:00,895,11,14,15,27,44,2,7
2016-04-22 01:00:00,896,17,26,32,34,43,2,10
2016-04-26 01:00:00,897,10,17,31,32,42,2,5
2016-04-29 01:00:00,898,4,5,25,28,43,6,11
2016-05-03 01:00:00,899,8,23,24,34,38,3,7
2016-05-06 01:00:00,900,32,34,40,45,48,1,10
2016-05-10 01:00:00,901,2,26,27,40,49,5,10
2016-05-13 01:00:00,902,7,15,28,31,42,10,11
2016-05-17 01:00:00,903,15,27,32,36,39,3,10
2016-05-20 01:00:00,904,9,14,30,41,45,4,9
2016-05-24 01:00:00,905,16,17,23,34,37,6,9
2016-05-27 01:00:00,906,13,25,27,43,46,4,8
2016-05-31 01:00:00,907,6,12,26,30,48,6,7
2016-06-03 01:00:00,908,7,23,31,33,39,6,10
2016-06-07 01:00:00,909,19,26,35,45,49,2,5
2016-06-10 01:00:00,910,14,21,35,42,43,7,9
2016-06-14 01:00:00,911,13,34,39,42,50,9,11
2016-06-17 01:00:00,912,1,7,18,27,43,4,8
2016-06-21 01:00:00,913,5,17,32,35,49,1,5
2016-06-24 01:00:00,914,11,19,27,28,39,3,10
2016-06-28 01:00:00,915,26,32,37,43,49,4,5
2016-07-01 01:00:00,916,2,11,13,40,50,1,10
2016-07-05 01:00:00,917,1,10,29,38,48,3,4
2016-07-08 01:00:00,918,8,12,18,33,44,4,8
2016-07-12 01:00:00,919,3,7,26,33,41,2,10
2016-07-15 01:00:00,920,2,11,13,14,21,1,8
2016-07-19 01:00:00,921,19,24,28,36,37,3,6
2016-07-22 01:00:00,922,7,24,26,37,45,5,9
2016-07-26 01:00:00,923,3,10,13,45,49,2,11
2016-07-29 01:00:00,924,1,21,26,40,50,2,4
2016-08-02 01:00:00,925,2,8,27,38,46,2,6
2016-08-05 01:00:00,926,16,19,24,35,37,2,7
2016-08-09 01:00:00,927,12,19,43,44,45,5,10
2016-08-12 01:00:00,928,2,15,28,36,50,2,11
2016-08-16 01:00:00,929,2,26,34,37,46,4,8
2016-08-19 01:00:00,930,5,6,22,25,34,5,7
2016-08-23 01:00:00,931,2,23,31,37,45,4,8
2016-08-26 01:00:00,932,1,9,28,30,48,7,8
2016-08-30 01:00:00,933,13,16,29,35,42,6,8
2016-09-02 01:00:00,934,8,16,32,40,50,2,11
2016-09-06 01:00:00,935,12,24,30,34,45,7,10
2016-09-09 01:00:00,936,4,11,15,17,28,1,3
2016-09-13 01:00:00,937,4,7,16,35,44,1,3
2016-09-16 01:00:00,938,5,8,14,22,32,2,11
2016-09-20 01:00:00,939,1,4,10,41,45,6,9
2016-09-23 01:00:00,940,14,16,39,42,49,3,9
2016-09-27 01:00:00,941,6,9,13,39,41,2,12
2016-09-30 01:00:00,942,17,35,37,43,44,2,10
2016-10-04 01:00:00,943,4,7,14,34,38,4,11
2016-10-07 01:00:00,944,2,12,20,27,30,9,11
2016-10-11 01:00:00,945,5,12,20,24,37,4,11
2016-10-14 01:00:00,946,7,13,19,31,34,1,11
2016-10-18 01:00:00,947,2,17,21,25,27,6,9
2016-10-21 01:00:00,948,9,20,23,44,48,8,10
2016-10-25 01:00:00,949,3,15,20,21,28,1,5
2016-10-28 01:00:00,950,10,16,19,23,43,2,8
2016-11-01 00:00:00,951,6,10,20,29,37,1,9
2016-11-04 00:00:00,952,7,11,12,44,48,3,7
2016-11-08 00:00:00,953,5,9,47,49,50,8,9
2016-11-11 00:00:00,954,3,22,23,38,49,2,9
2016-11-15 00:00:00,955,7,15,36,42,48,3,7
2016-11-18 00:00:00,956,3,12,27,32,47,6,8
2016-11-22 00:00:00,957,5,10,33,34,47,2,10
2016-11-25 00:00:00,958,5,11,17,23,28,10,11
2016-11-29 00:00:00,959,21,26,27,28,38,9,11
2016-12-02 00:00:00,960,6,11,23,31,32,2,12
2016-12-06 00:00:00,961,1,7,11,27,45,4,9
2016-12-09 00:00:00,962,6,12,28,37,40,1,5
2016-12-13 00:00:00,963,14,28,29,48,50,2,8
2016-12-16 00:00:00,964,6,10,30,41,45,4,11
2016-12-20 00:00:00,965,13,15,17,21,27,2,3
2016-12-23 00:00:00,966,4,16,20,39,46,2,5
2016-12-27 00:00:00,967,3,22,25,32,39,7,12
2016-12-30 00:00:00,968,8,10,22,29,47,1,3
2017-01-03 00:00:00,969,19,23,27,34,49,1,11
2017-01-06 00:00:00,970,10,14,18,21,49,9,11
2017-01-10 00:00:00,971,2,11,29,35,44,4,9
2017-01-13 00:00:00,972,3,7,16,26,50,4,7
2017-01-17 00:00:00,973,4,16,25,43,47,2,10
2017-01-20 00:00:00,974,10,17,27,31,49,3,5
2017-01-24 00:00:00,975,1,5,7,17,23,3,8
2017-01-27 00:00:00,976,17,20,28,45,48,5,9
2017-01-31 00:00:00,977,3,4,17,23,44,6,9
2017-02-03 00:00:00,978,3,4,15,46,50,5,9
2017-02-07 00:00:00,979,4,10,31,38,44,8,10
2017-02-10 00:00:00,980,7,21,26,35,43,2,9
2017-02-14 00:00:00,981,2,10,24,40,44,3,10
2017-02-17 00:00:00,982,19,25,33,36,48,2,9
2017-02-21 00:00:00,983,13,19,41,45,49,3,4
2017-02-24 00:00:00,984,2,4,13,22,43,8,9
2017-02-28 00:00:00,985,10,20,31,35,42,2,12
2017-03-03 00:00:00,986,2,11,29,30,47,1,12
2017-03-07 00:00:00,987,6,37,41,48,50,4,5
2017-03-10 00:00:00,988,31,36,38,47,49,8,11
2017-03-14 00:00:00,989,3,5,21,36,44,3,6
2017-03-17 00:00:00,990,6,10,19,29,36,3,6
2017-03-21 00:00:00,991,1,20,23,44,47,4,11
2017-03-24 00:00:00,992,2,17,21,27,34,5,9
2017-03-28 01:00:00,993,9,13,31,33,46,6,10
2017-03-31 01:00:00,994,17,24,26,28,45,4,12
2017-04-04 01:00:00,995,1,9,24,33,34,2,6
2017-04-07 01:00:00,996,2,10,19,35,50,6,7
2017-04-11 01:00:00,997,5,21,22,31,49,2,8
2017-04-14 01:00:00,998,4,14,20,23,33,6,10
2017-04-18 01:00:00,999,17,22,31,38,45,5,12
2017-04-21 01:00:00,1000,2,13,16,22,49,4,5
2017-04-25 01:00:00,1001,9,11,19,32,43,3,9
2017-04-28 01:00:00,1002,14,20,25,30,39,2,8
2017-05-02 01:00:00,1003,6,19,23,25,27,11,12
2017-05-05 01:00:00,1004,3,7,30,35,43,1,3
2017-05-09 01:00:00,1005,8,12,16,22,26,6,7
2017-05-12 01:00:00,1006,2,20,28,29,44,3,9
2017-05-16 01:00:00,1007,8,11,15,20,30,3,8
2017-05-19 01:00:00,1008,9,11,12,19,30,4,9
2017-05-23 01:00:00,1009,8,15,25,27,42,1,4
2017-05-26 01:00:00,1010,5,7,26,36,39,2,10
2017-05-30 01:00:00,1011,7,12,27,38,48,6,9
2017-06-02 01:00:00,1012,8,10,24,33,42,3,9
2017-06-06 01:00:00,1013,20,22,25,37,40,3,7
2017-06-09 01:00:00,1014,9,20,27,39,43,10,11
2017-06-13 01:00:00,1015,3,12,22,27,49,4,11
2017-06-16 01:00:00,1016,15,17,38,41,42,9,12
2017-06-20 01:00:00,1017,11,18,26,43,44,8,10
2017-06-23 01:00:00,1018,3,4,21,31,38,3,7
2017-06-27 01:00:00,1019,9,17,21,28,45,1,3
2017-06-30 01:00:00,1020,17,35,39,47,50,6,8
2017-07-04 01:00:00,1021,10,22,25,37,49,5,8
2017-07-07 01:00:00,1022,11,20,35,37,45,3,6
2017-07-11 01:00:00,1023,14,22,26,42,50,8,10
2017-07-14 01:00:00,1024,11,14,20,21,47,7,10
2017-07-18 01:00:00,1025,1,25,27,41,45,5,7
2017-07-21 01:00:00,1026,1,8,9,26,49,5,9
2017-07-25 01:00:00,1027,12,14,43,44,48,2,11
2017-07-28 01:00:00,1028,5,9,29,31,41,2,4
2017-08-01 01:00:00,1029,14,21,24,29,30,8,10
2017-08-04 01:00:00,1030,29,30,36,40,41,2,9
2017-08-08 01:00:00,1031,15,25,26,40,41,4,5
2017-08-11 01:00:00,1032,18,28,39,46,48,5,12
2017-08-15 01:00:00,1033,10,14,30,35,46,4,10
2017-08-18 01:00:00,1034,2,24,39,42,45,2,8
2017-08-22 01:00:00,1035,3,10,12,17,27,3,5
2017-08-25 01:00:00,1036,1,5,7,15,47,9,12
2017-08-29 01:00:00,1037,4,12,15,32,38,1,5
2017-09-01 01:00:00,1038,3,7,8,14,49,5,8
2017-09-05 01:00:00,1039,6,9,18,28,29,1,9
2017-09-08 01:00:00,1040,9,24,42,47,49,1,5
2017-09-12 01:00:00,1041,10,17,27,29,35,4,11
2017-09-15 01:00:00,1042,13,18,37,44,49,9,12
2017-09-19 01:00:00,1043,1,8,21,30,45,2,3
2017-09-22 01:00:00,1044,6,11,31,39,42,1,3
2017-09-26 01:00:00,1045,1,29,40,41,48,6,12
2017-09-29 01:00:00,1046,7,18,19,32,48,3,7
2017-10-03 01:00:00,1047,6,24,32,48,50,1,5
2017-10-06 01:00:00,1048,1,9,15,19,25,1,7
2017-10-10 01:00:00,1049,4,21,34,36,37,3,6
2017-10-13 01:00:00,1050,23,29,37,45,50,5,11
2017-10-17 01:00:00,1051,13,17,19,26,36,2,3
2017-10-20 01:00:00,1052,4,17,23,27,30,3,8
2017-10-24 01:00:00,1053,9,11,13,27,33,7,10
2017-10-27 01:00:00,1054,3,16,23,32,39,1,4
2017-10-31 00:00:00,1055,1,12,36,43,46,3,5
2017-11-03 00:00:00,1056,5,12,17,33,41,4,9
2017-11-07 00:00:00,1057,7,19,20,37,41,2,12
2017-11-10 00:00:00,1058,13,22,29,36,37,1,9
2017-11-14 00:00:00,1059,14,16,39,40,41,8,10
2017-11-17 00:00:00,1060,20,26,35,36,42,5,12
2017-11-21 00:00:00,1061,2,10,14,28,31,5,7
2017-11-24 00:00:00,1062,19,24,28,30,50,3,10
2017-11-28 00:00:00,1063,1,6,12,18,42,2,7
2017-12-01 00:00:00,1064,5,24,29,35,46,11,12
2017-12-05 00:00:00,1065,11,36,43,44,48,2,7
2017-12-08 00:00:00,1066,4,22,30,32,34,3,4
2017-12-12 00:00:00,1067,20,37,39,44,50,4,8
2017-12-15 00:00:00,1068,25,30,31,42,50,2,11
2017-12-19 00:00:00,1069,8,15,30,38,46,4,7
2017-12-22 00:00:00,1070,5,24,30,31,43,3,6
2017-12-26 00:00:00,1071,4,17,30,43,44,2,10
2017-12-29 00:00:00,1072,4,8,22,23,48,1,12
2018-01-02 00:00:00,1073,10,20,21,28,48,1,8
2018-01-05 00:00:00,1074,2,5,20,38,41,4,8
2018-01-09 00:00:00,1075,6,12,15,38,49,2,9
2018-01-12 00:00:00,1076,13,21,23,30,45,4,6
2018-01-16 00:00:00,1077,20,23,31,34,46,3,12
2018-01-19 00:00:00,1078,3,8,17,44,50,2,7
2018-01-23 00:00:00,1079,5,8,9,23,24,7,8
2018-01-26 00:00:00,1080,6,15,24,28,48,4,9
2018-01-30 00:00:00,1081,11,15,21,27,35,4,5
2018-02-02 00:00:00,1082,14,34,36,39,48,2,3
2018-02-06 00:00:00,1083,8,17,28,34,38,6,12
2018-02-09 00:00:00,1084,22,31,36,38,44,1,11
2018-02-13 00:00:00,1085,10,13,17,21,44,1,10
2018-02-16 00:00:00,1086,10,12,23,32,50,4,10
2018-02-20 00:00:00,1087,6,14,19,25,29,5,11
2018-02-23 00:00:00,1088,10,17,18,28,47,3,7
2018-02-27 00:00:00,1089,3,31,41,48,50,8,11
2018-03-02 00:00:00,1090,2,7,34,45,48,1,12
2018-03-06 00:00:00,1091,15,20,26,31,44,2,9
2018-03-09 00:00:00,1092,9,14,21,32,44,1,12
2018-03-13 00:00:00,1093,9,11,13,33,49,6,12
2018-03-16 00:00:00,1094,4,17,24,27,31,10,11
2018-03-20 00:00:00,1095,26,29,37,39,44,9,11
2018-03-23 00:00:00,1096,5,7,11,46,50,8,11
2018-03-27 01:00:00,1097,17,20,23,40,46,9,10
2018-03-30 01:00:00,1098,12,17,28,35,47,7,11
2018-04-03 01:00:00,1099,3,8,16,40,43,5,8
2018-04-06 01:00:00,1100,1,29,33,45,47,4,8
2018-04-10 01:00:00,1101,14,27,39,46,48,11,12
2018-04-13 01:00:00,1102,5,25,34,48,50,6,7
2018-04-17 01:00:00,1103,15,27,33,39,50,4,6
2018-04-20 01:00:00,1104,3,16,25,39,44,7,11
2018-04-24 01:00:00,1105,20,23,28,30,44,3,7
2018-04-27 01:00:00,1106,12,24,40,41,46,5,12
2018-05-01 01:00:00,1107,6,15,17,42,48,4,6
2018-05-04 01:00:00,1108,6,12,23,39,45,9,12
2018-05-08 01:00:00,1109,17,25,35,39,44,2,5
2018-05-11 01:00:00,1110,3,22,34,49,50,8,11
2018-05-15 01:00:00,1111,4,16,20,31,39,2,12
2018-05-18 01:00:00,1112,5,8,10,13,31,3,6
2018-05-22 01:00:00,1113,1,11,37,41,48,8,12
2018-05-25 01:00:00,1114,13,15,16,28,41,4,5
2018-05-29 01:00:00,1115,6,11,20,38,43,2,4
2018-06-01 01:00:00,1116,17,18,24,29,40,4,5
2018-06-05 01:00:00,1117,9,15,22,39,46,4,5
2018-06-08 01:00:00,1118,8,19,32,43,46,2,8
2018-06-12 01:00:00,1119,7,21,23,36,38,6,8
2018-06-15 01:00:00,1120,23,26,33,38,49,1,12
2018-06-19 01:00:00,1121,7,19,26,42,50,4,9
2018-06-22 01:00:00,1122,14,25,39,41,44,2,8
2018-06-26 01:00:00,1123,15,16,20,34,50,4,7
2018-06-29 01:00:00,1124,15,21,23,40,48,3,12
2018-07-03 01:00:00,1125,1,12,15,29,48,3,5
2018-07-06 01:00:00,1126,8,30,33,38,48,2,10
2018-07-10 01:00:00,1127,3,8,26,33,45,7,10
2018-07-13 01:00:00,1128,1,4,14,21,49,2,12
2018-07-17 01:00:00,1129,4,6,27,48,50,1,11
2018-07-20 01:00:00,1130,2,15,40,43,46,3,6
2018-07-24 01:00:00,1131,2,4,23,39,40,3,9
2018-07-27 01:00:00,1132,11,17,22,23,41,6,11
2018-07-31 01:00:00,1133,20,25,34,42,45,6,11
2018-08-03 01:00:00,1134,7,26,36,38,43,6,12
2018-08-07 01:00:00,1135,16,28,29,30,36,8,10
2018-08-10 01:00:00,1136,18,20,36,43,44,3,9
2018-08-14 01:00:00,1137,1,15,18,25,31,9,11
2018-08-17 01:00:00,1138,2,15,18,24,43,8,12
2018-08-21 01:00:00,1139,16,23,42,43,49,10,12
2018-08-24 01:00:00,1140,3,14,31,36,50,1,12
2018-08-28 01:00:00,1141,4,16,32,42,46,8,12
2018-08-31 01:00:00,1142,4,30,31,38,42,4,6
2018-09-04 01:00:00,1143,5,14,28,30,47,4,11
2018-09-07 01:00:00,1144,4,23,27,31,50,1,8
2018-09-11 01:00:00,1145,9,18,32,38,46,2,3
2018-09-14 01:00:00,1146,1,3,33,40,45,3,4
2018-09-18 01:00:00,1147,3,8,10,32,45,4,12
2018-09-21 01:00:00,1148,5,7,21,25,37,3,4
2018-09-25 01:00:00,1149,6,15,20,30,38,4,7
2018-09-28 01:00:00,1150,2,4,8,27,50,2,9
2018-10-02 01:00:00,1151,7,17,29,37,45,3,11
2018-10-05 01:00:00,1152,8,16,24,26,35,3,11
2018-10-09 01:00:00,1153,3,12,36,44,45,8,11
2018-10-12 01:00:00,1154,4,9,12,31,43,5,8
2018-10-16 01:00:00,1155,15,28,37,40,42,1,6
2018-10-19 01:00:00,1156,1,3,29,47,48,3,12
2018-10-23 01:00:00,1157,1,2,5,21,32,2,12
2018-10-26 01:00:00,1158,5,18,21,31,35,6,9
2018-10-30 00:00:00,1159,17,23,27,43,44,1,12
2018-11-02 00:00:00,1160,5,15,17,37,44,7,11
2018-11-06 00:00:00,1161,14,24,36,40,43,2,9
2018-11-09 00:00:00,1162,14,17,32,37,49,11,12
2018-11-13 00:00:00,1163,2,7,10,13,42,3,6
2018-11-16 00:00:00,1164,9,10,13,28,41,1,12
2018-11-20 00:00:00,1165,6,19,39,45,48,7,12
2018-11-23 00:00:00,1166,5,8,25,26,30,3,10
2018-11-27 00:00:00,1167,4,16,17,18,32,2,11
2018-11-30 00:00:00,1168,3,10,12,23,26,1,12
2018-12-04 00:00:00,1169,19,20,21,42,45,8,9
2018-12-07 00:00:00,1170,11,17,26,37,48,1,10
2018-12-11 00:00:00,1171,4,7,13,23,42,1,3
2018-12-14 00:00:00,1172,12,29,38,42,44,2,12
2018-12-18 00:00:00,1173,1,9,18,39,48,5,7
2018-12-21 00:00:00,1174,2,12,15,34,50,3,4
2018-12-25 00:00:00,1175,4,5,8,31,43,2,9
2018-12-28 00:00:00,1176,13,16,34,35,45,10,12
2019-01-01 00:00:00,1177,1,8,11,25,28,4,6
2019-01-04 00:00:00,1178,7,11,19,27,37,6,10
2019-01-08 00:00:00,1179,3,19,22,31,32,2,11
2019-01-11 00:00:00,1180,1,19,31,39,48,1,6
2019-01-15 00:00:00,1181,22,25,29,33,35,3,6
2019-01-18 00:00:00,1182,5,6,16,30,46,5,10
2019-01-22 00:00:00,1183,9,23,29,41,49,8,10
2019-01-25 00:00:00,1184,1,6,13,15,16,6,10
2019-01-29 00:00:00,1185,14,24,26,32,39,3,8
2019-02-01 00:00:00,1186,3,21,26,41,46,1,6
2019-02-05 00:00:00,1187,14,25,31,37,43,2,3
2019-02-08 00:00:00,1188,11,12,13,39,46,7,10
2019-02-12 00:00:00,1189,6,34,36,41,50,1,5
2019-02-15 00:00:00,1190,15,27,34,38,49,2,10
2019-02-19 00:00:00,1191,1,8,18,19,39,7,9
2019-02-22 00:00:00,1192,3,27,29,33,50,3,7
2019-02-26 00:00:00,1193,3,15,29,35,47,3,4
2019-03-01 00:00:00,1194,6,9,19,26,31,11,12
2019-03-05 00:00:00,1195,6,10,16,39,46,8,11
2019-03-08 00:00:00,1196,17,18,19,24,40,4,8
2019-03-12 00:00:00,1197,5,7,13,19,31,2,9
2019-03-15 00:00:00,1198,3,15,24,42,46,9,12
2019-03-19 00:00:00,1199,1,6,9,34,47,7,12
2019-03-22 00:00:00,1200,4,17,26,30,43,6,11
2019-03-26 00:00:00,1201,12,19,23,43,47,2,6
2019-03-29 00:00:00,1202,13,23,26,32,47,6,10
2019-04-02 01:00:00,1203,2,9,16,26,36,6,7
2019-04-05 01:00:00,1204,1,7,10,29,45,3,5
2019-04-09 01:00:00,1205,18,21,29,38,41,1,11
2019-04-12 01:00:00,1206,1,28,35,36,46,6,9
2019-04-16 01:00:00,1207,1,8,15,44,49,2,11
2019-04-19 01:00:00,1208,7,8,32,41,49,5,11
2019-04-23 01:00:00,1209,18,23,27,42,44,2,7
2019-04-26 01:00:00,1210,14,33,35,47,50,9,11
2019-04-30 01:00:00,1211,5,12,20,26,48,2,11
2019-05-03 01:00:00,1212,2,9,20,27,43,5,6
2019-05-07 01:00:00,1213,7,20,26,32,47,2,11
2019-05-10 01:00:00,1214,1,4,27,45,48,1,7
2019-05-14 01:00:00,1215,10,14,17,25,50,2,10
2019-05-17 01:00:00,1216,16,28,42,43,45,6,7
2019-05-21 01:00:00,1217,32,33,34,39,47,8,12
2019-05-24 01:00:00,1218,5,16,23,30,49,6,7
2019-05-28 01:00:00,1219,7,19,20,28,29,1,5
2019-05-31 01:00:00,1220,1,23,24,26,35,1,11
2019-06-04 01:00:00,1221,9,31,32,39,41,2,8
2019-06-07 01:00:00,1222,1,4,16,20,34,2,5
2019-06-11 01:00:00,1223,25,27,39,42,46,11,12
2019-06-14 01:00:00,1224,1,13,30,31,39,2,7
2019-06-18 01:00:00,1225,12,24,37,40,44,3,7
2019-06-21 01:00:00,1226,5,8,9,25,39,3,7
2019-06-25 01:00:00,1227,6,26,27,34,46,1,9
2019-06-28 01:00:00,1228,1,3,16,33,49,2,11
2019-07-02 01:00:00,1229,11,19,29,44,45,8,12
2019-07-05 01:00:00,1230,2,9,20,34,42,6,9
2019-07-09 01:00:00,1231,7,29,32,36,41,6,7
2019-07-12 01:00:00,1232,2,31,39,45,47,4,8
2019-07-16 01:00:00,1233,3,5,13,18,39,7,8
2019-07-19 01:00:00,1234,13,14,17,26,28,2,7
2019-07-23 01:00:00,1235,1,14,19,23,38,3,7
2019-07-26 01:00:00,1236,2,5,27,37,42,3,10
2019-07-30 01:00:00,1237,15,20,23,27,40,3,6
2019-08-02 01:00:00,1238,13,22,33,44,50,2,5
2019-08-06 01:00:00,1239,12,13,29,36,38,4,12
2019-08-09 01:00:00,1240,2,14,35,41,42,10,11
2019-08-13 01:00:00,1241,13,29,31,33,40,2,3
2019-08-16 01:00:00,1242,9,10,27,37,42,1,5
2019-08-20 01:00:00,1243,20,22,23,24,37,1,4
2019-08-23 01:00:00,1244,4,17,35,42,45,2,8
2019-08-27 01:00:00,1245,8,26,35,43,47,1,9
2019-08-30 01:00:00,1246,25,27,45,46,49,4,6
2019-09-03 01:00:00,1247,7,11,38,39,44,7,10
2019-09-06 01:00:00,1248,10,13,22,40,48,2,5
2019-09-10 01:00:00,1249,3,22,25,30,49,3,6
2019-09-13 01:00:00,1250,1,12,27,42,47,6,7
2019-09-17 01:00:00,1251,22,37,43,44,45,1,12
2019-09-20 01:00:00,1252,8,21,25,38,50,4,8
2019-09-24 01:00:00,1253,2,33,42,47,48,1,2
2019-09-27 01:00:00,1254,24,37,41,43,46,2,8
2019-10-01 01:00:00,1255,2,11,18,40,46,1,4
2019-10-04 01:00:00,1256,6,9,35,41,44,6,9
2019-10-08 01:00:00,1257,7,10,15,44,49,3,12
2019-10-11 01:00:00,1258,2,14,19,42,45,5,6
2019-10-15 01:00:00,1259,3,28,31,32,34,4,5
2019-10-18 01:00:00,1260,8,18,22,41,42,11,12
2019-10-22 01:00:00,1261,2,5,32,33,47,7,8
2019-10-25 01:00:00,1262,34,37,39,40,50,4,10
2019-10-29 00:00:00,1263,16,18,28,42,49,5,10
2019-11-01 00:00:00,1264,2,20,39,44,48,5,7
2019-11-05 00:00:00,1265,9,14,25,33,48,2,12
2019-11-08 00:00:00,1266,8,17,20,23,45,2,8
2019-11-12 00:00:00,1267,1,21,23,25,39,2,4
2019-11-15 00:00:00,1268,3,13,20,32,34,4,11
2019-11-19 00:00:00,1269,8,10,15,30,42,4,6
2019-11-22 00:00:00,1270,3,21,32,34,48,3,11
2019-11-26 00:00:00,1271,2,3,15,19,34,5,8
2019-11-29 00:00:00,1272,3,7,12,42,50,6,8
2019-12-03 00:00:00,1273,18,31,32,38,48,4,12
2019-12-06 00:00:00,1274,1,3,27,39,46,1,10
2019-12-10 00:00:00,1275,2,10,19,21,47,2,8
2019-12-13 00:00:00,1276,9,16,18,23,32,2,10
2019-12-17 00:00:00,1277,1,7,12,25,49,6,9
2019-12-20 00:00:00,1278,8,24,30,32,34,3,4
2019-12-24 00:00:00,1279,3,11,13,14,47,3,6
2019-12-27 00:00:00,1280,1,7,22,26,35,5,10
2019-12-31 00:00:00,1281,26,31,33,41,48,2,4
2020-01-03 00:00:00,1282,5,15,20,36,47,8,12
2020-01-07 00:00:00,1283,5,8,12,37,43,6,11
2020-01-10 00:00:00,1284,6,17,32,44,46,2,6
2020-01-14 00:00:00,1285,21,25,29,39,44,8,9
2020-01-17 00:00:00,1286,8,19,20,29,44,3,8
2020-01-21 00:00:00,1287,10,11,24,36,46,3,5
2020-01-24 00:00:00,1288,3,4,6,9,24,5,8
2020-01-28 00:00:00,1289,1,19,27,31,38,4,5
2020-01-31 00:00:00,1290,13,18,20,23,30,2,4
2020-02-04 00:00:00,1291,21,23,33,35,47,6,7
2020-02-07 00:00:00,1292,9,15,17,25,40,3,9
2020-02-11 00:00:00,1293,24,26,32,43,46,6,10
2020-02-14 00:00:00,1294,5,20,35,41,49,6,10
2020-02-18 00:00:00,1295,11,32,34,38,47,2,10
2020-02-21 00:00:00,1296,7,23,30,32,45,5,9
2020-02-25 00:00:00,1297,1,4,18,27,42,4,6
2020-02-28 00:00:00,1298,8,11,20,22,23,3,4
2020-03-03 00:00:00,1299,4,14,27,44,45,1,10
2020-03-06 00:00:00,1300,15,38,43,45,46,1,11
2020-03-10 00:00:00,1301,11,23,30,37,43,5,12
2020-03-13 00:00:00,1302,3,11,21,27,36,9,10
2020-03-17 00:00:00,1303,5,7,8,16,20,2,12
2020-03-20 00:00:00,1304,3,9,20,34,40,6,12
2020-03-24 00:00:00,1305,7,12,26,30,33,10,11
2020-03-27 00:00:00,1306,11,14,27,41,46,2,3
2020-03-31 01:00:00,1307,12,17,24,30,36,1,9
2020-04-03 01:00:00,1308,16,19,34,46,50,2,6
2020-04-07 01:00:00,1309,4,5,14,33,48,7,12
2020-04-10 01:00:00,1310,3,10,17,33,39,1,4
2020-04-14 01:00:00,1311,6,29,34,35,40,4,11
2020-04-17 01:00:00,1312,16,28,32,37,45,1,11
2020-04-21 01:00:00,1313,10,11,14,23,28,6,8
2020-04-24 01:00:00,1314,1,5,19,21,28,4,7
2020-04-28 01:00:00,1315,15,23,26,28,32,1,5
2020-05-01 01:00:00,1316,19,20,38,45,47,2,6
2020-05-05 01:00:00,1317,2,10,22,27,41,2,3
2020-05-08 01:00:00,1318,8,25,32,33,38,7,9
2020-05-12 01:00:00,1319,9,16,29,37,39,4,11
2020-05-15 01:00:00,1320,11,23,32,34,39,1,6
2020-05-19 01:00:00,1321,5,25,32,37,43,6,7
2020-05-22 01:00:00,1322,3,18,22,27,32,2,7
2020-05-26 01:00:00,1323,4,9,14,21,27,4,6
2020-05-29 01:00:00,1324,4,8,11,19,46,4,8
2020-06-02 01:00:00,1325,10,12,22,26,49,7,11
2020-06-05 01:00:00,1326,5,11,17,24,37,3,6
2020-06-09 01:00:00,1327,5,15,27,36,46,2,8
2020-06-12 01:00:00,1328,2,24,39,45,46,4,8
2020-06-16 01:00:00,1329,4,9,11,17,39,2,10
2020-06-19 01:00:00,1330,5,14,19,24,43,3,11
2020-06-23 01:00:00,1331,2,12,19,46,49,1,8
2020-06-26 01:00:00,1332,1,10,12,21,26,5,11
2020-06-30 01:00:00,1333,1,6,11,28,42,2,10
2020-07-03 01:00:00,1334,4,16,27,37,39,3,6
2020-07-07 01:00:00,1335,12,16,23,33,41,8,10
2020-07-10 01:00:00,1336,15,17,23,30,38,2,7
2020-07-14 01:00:00,1337,11,22,30,37,47,9,10
2020-07-17 01:00:00,1338,7,15,27,41,43,7,9
2020-07-21 01:00:00,1339,14,15,24,29,42,2,4
2020-07-24 01:00:00,1340,8,9,27,28,50,4,12
2020-07-28 01:00:00,1341,9,13,15,17,34,2,7
2020-07-31 01:00:00,1342,21,24,30,46,49,2,5
2020-08-04 01:00:00,1343,1,2,5,15,42,5,8
2020-08-07 01:00:00,1344,5,20,21,36,41,6,11
2020-08-11 01:00:00,1345,8,13,14,42,50,3,9
2020-08-14 01:00:00,1346,9,10,19,42,49,4,12
2020-08-18 01:00:00,1347,6,12,17,34,42,5,12
2020-08-21 01:00:00,1348,10,15,35,44,50,3,5
2020-08-25 01:00:00,1349,7,18,30,37,39,8,10
2020-08-28 01:00:00,1350,7,12,16,17,31,7,9
2020-09-01 01:00:00,1351,4,8,10,33,46,8,11
2020-09-04 01:00:00,1352,6,22,29,40,43,4,7
2020-09-08 01:00:00,1353,2,9,31,35,41,9,12
2020-09-11 01:00:00,1354,34,38,42,43,45,9,12
2020-09-15 01:00:00,1355,16,20,25,30,38,6,8
2020-09-18 01:00:00,1356,2,10,19,25,45,1,7
2020-09-22 01:00:00,1357,16,25,28,39,40,1,6
2020-09-25 01:00:00,1358,19,23,34,37,45,1,7
2020-09-29 01:00:00,1359,4,14,16,41,44,11,12
2020-10-02 01:00:00,1360,6,12,15,40,45,3,9
2020-10-06 01:00:00,1361,4,21,36,41,47,9,11
2020-10-09 01:00:00,1362,11,15,35,41,50,5,8
2020-10-13 01:00:00,1363,5,14,38,41,46,1,10
2020-10-16 01:00:00,1364,15,33,38,40,50,3,6
2020-10-20 01:00:00,1365,5,6,15,37,42,3,4
2020-10-23 01:00:00,1366,10,15,19,21,23,3,12
2020-10-27 00:00:00,1367,13,15,28,32,44,3,12
2020-10-30 00:00:00,1368,12,16,20,21,28,3,9
2020-11-03 00:00:00,1369,5,7,18,20,30,6,7
2020-11-06 00:00:00,1370,7,12,37,40,50,1,2
2020-11-10 00:00:00,1371,3,19,29,32,38,5,12
2020-11-13 00:00:00,1372,1,5,17,28,31,1,10
2020-11-17 00:00:00,1373,16,19,25,30,42,2,6
2020-11-20 00:00:00,1374,28,29,39,48,50,5,7
2020-11-24 00:00:00,1375,25,33,38,42,50,8,12
2020-11-27 00:00:00,1376,2,5,8,14,16,8,9
2020-12-01 00:00:00,1377,14,20,29,47,49,4,12
2020-12-04 00:00:00,1378,14,20,27,34,38,1,11
2020-12-08 00:00:00,1379,1,4,21,24,46,2,12
2020-12-11 00:00:00,1380,6,9,13,24,41,3,12
2020-12-15 00:00:00,1381,9,13,21,29,35,1,2
2020-12-18 00:00:00,1382,2,3,13,17,21,7,8
2020-12-22 00:00:00,1383,2,10,16,42,50,4,11
2020-12-25 00:00:00,1384,16,21,27,30,32,3,5
2020-12-29 00:00:00,1385,7,32,39,40,45,3,8
2021-01-01 00:00:00,1386,16,28,32,44,48,1,9
2021-01-05 00:00:00,1387,12,34,37,38,42,1,3
2021-01-08 00:00:00,1388,18,23,37,41,42,4,6
2021-01-12 00:00:00,1389,2,10,18,34,35,6,9
2021-01-15 00:00:00,1390,4,10,27,38,40,3,11
2021-01-19 00:00:00,1391,25,27,31,35,43,5,6
2021-01-22 00:00:00,1392,8,16,42,44,47,6,7
2021-01-26 00:00:00,1393,5,7,25,37,40,2,8
2021-01-29 00:00:00,1394,1,5,27,36,42,1,6
2021-02-02 00:00:00,1395,18,20,35,38,48,9,12
2021-02-05 00:00:00,1396,12,19,37,44,45,2,6
2021-02-09 00:00:00,1397,5,10,24,31,37,9,10
2021-02-12 00:00:00,1398,7,23,30,32,36,8,12
2021-02-16 00:00:00,1399,5,9,25,29,30,6,7
2021-02-19 00:00:00,1400,4,12,25,46,48,7,12
2021-02-23 00:00:00,1401,9,18,30,39,45,1,3
2021-02-26 00:00:00,1402,6,12,22,29,33,6,11
2021-03-02 00:00:00,1403,2,19,24,26,49,6,7
2021-03-05 00:00:00,1404,4,5,39,46,48,7,10
2021-03-09 00:00:00,1405,1,16,21,32,33,11,12
2021-03-12 00:00:00,1406,4,6,9,11,44,10,11
2021-03-16 00:00:00,1407,23,25,32,35,47,2,6
2021-03-19 00:00:00,1408,3,9,35,43,44,1,10
2021-03-23 00:00:00,1409,2,26,29,36,49,3,9
2021-03-26 00:00:00,1410,10,12,37,49,50,3,8
2021-03-30 01:00:00,1411,24,27,28,29,42,4,8
2021-04-02 01:00:00,1412,4,21,34,40,47,2,5
2021-04-06 01:00:00,1413,2,21,37,38,50,7,8
2021-04-09 01:00:00,1414,2,8,32,35,44,8,11
2021-04-13 01:00:00,1415,16,20,31,47,50,2,8
2021-04-16 01:00:00,1416,6,11,29,40,48,5,9
2021-04-20 01:00:00,1417,5,17,28,41,46,10,11
2021-04-23 01:00:00,1418,3,14,15,19,29,2,8
2021-04-27 01:00:00,1419,13,14,24,35,49,1,10
2021-04-30 01:00:00,1420,1,16,24,28,46,2,11
2021-05-04 01:00:00,1421,3,10,13,28,46,4,11
2021-05-07 01:00:00,1422,14,22,33,38,47,8,9
2021-05-11 01:00:00,1423,14,25,34,43,46,5,6
2021-05-14 01:00:00,1424,6,16,18,29,38,6,11
2021-05-18 01:00:00,1425,5,13,38,39,40,4,12
2021-05-21 01:00:00,1426,2,9,13,15,35,3,10
2021-05-25 01:00:00,1427,1,21,26,30,38,2,8
2021-05-28 01:00:00,1428,11,13,16,34,40,1,12
2021-06-01 01:00:00,1429,3,10,26,35,44,6,7
2021-06-04 01:00:00,1430,7,20,36,40,46,2,4
2021-06-08 01:00:00,1431,2,11,26,36,47,7,9
2021-06-11 01:00:00,1432,9,17,21,33,39,7,11
2021-06-15 01:00:00,1433,11,21,26,30,31,2,3
2021-06-18 01:00:00,1434,11,20,27,30,41,3,5
2021-06-22 01:00:00,1435,6,24,26,27,41,3,8
2021-06-25 01:00:00,1436,1,29,30,33,36,3,12
2021-06-29 01:00:00,1437,6,12,20,24,48,5,6
2021-07-02 01:00:00,1438,9,14,29,38,49,7,10
2021-07-06 01:00:00,1439,2,5,21,27,42,9,11
2021-07-09 01:00:00,1440,6,19,36,37,49,4,11
2021-07-13 01:00:00,1441,5,6,8,11,22,3,4
2021-07-16 01:00:00,1442,5,16,42,47,49,3,11
2021-07-20 01:00:00,1443,3,12,19,41,48,6,9
2021-07-23 01:00:00,1444,23,24,26,34,50,2,4
2021-07-27 01:00:00,1445,5,9,19,21,25,10,12
2021-07-30 01:00:00,1446,10,23,33,35,37,5,10
2021-08-03 01:00:00,1447,17,21,23,45,46,7,11
2021-08-06 01:00:00,1448,7,14,21,26,32,4,12
2021-08-10 01:00:00,1449,9,37,47,48,49,2,7
2021-08-13 01:00:00,1450,6,12,44,47,49,8,12
2021-08-17 01:00:00,1451,12,31,41,42,47,4,6
2021-08-20 01:00:00,1452,3,9,19,20,23,9,11
2021-08-24 01:00:00,1453,19,21,36,44,50,3,10
2021-08-27 01:00:00,1454,2,3,31,46,50,8,12
2021-08-31 01:00:00,1455,5,13,17,32,43,2,10
2021-09-03 01:00:00,1456,5,7,13,29,35,3,7
2021-09-07 01:00:00,1457,7,19,35,42,43,7,9
2021-09-10 01:00:00,1458,1,6,7,18,28,2,8
2021-09-14 01:00:00,1459,12,18,35,38,45,2,8
2021-09-17 01:00:00,1460,5,7,8,10,34,1,9
2021-09-21 01:00:00,1461,20,25,26,30,38,2,8
2021-09-24 01:00:00,1462,2,12,20,27,41,10,12
2021-09-28 01:00:00,1463,6,7,12,33,39,1,7
2021-10-01 01:00:00,1464,1,15,19,26,48,6,12
2021-10-05 01:00:00,1465,11,13,14,36,45,7,9
2021-10-08 01:00:00,1466,1,10,23,42,46,3,5
2021-10-12 01:00:00,1467,6,13,22,45,49,10,11
2021-10-15 01:00:00,1468,21,26,31,34,49,2,5
2021-10-19 01:00:00,1469,4,20,36,40,41,1,6
2021-10-22 01:00:00,1470,12,17,22,33,39,2,12
2021-10-26 01:00:00,1471,12,15,20,42,44,1,2
2021-10-29 01:00:00,1472,10,15,28,32,49,3,9
2021-11-02 00:00:00,1473,2,3,17,29,43,1,4
2021-11-05 00:00:00,1474,2,12,25,30,41,8,11
2021-11-09 00:00:00,1475,17,25,26,33,36,1,8
2021-11-12 00:00:00,1476,2,9,15,47,50,6,9
2021-11-16 00:00:00,1477,9,19,21,32,36,3,4
2021-11-19 00:00:00,1478,22,26,38,47,50,2,6
2021-11-23 00:00:00,1479,17,21,36,42,46,7,10
2021-11-26 00:00:00,1480,1,20,41,42,50,3,7
2021-11-30 00:00:00,1481,19,20,26,33,43,1,4
2021-12-03 00:00:00,1482,21,22,29,32,46,9,10
2021-12-07 00:00:00,1483,22,31,38,46,47,7,11
2021-12-10 00:00:00,1484,11,21,33,38,42,2,8
2021-12-14 00:00:00,1485,19,21,37,47,48,3,6
2021-12-17 00:00:00,1486,1,2,15,30,35,2,7
2021-12-21 00:00:00,1487,12,17,21,34,38,2,3
2021-12-24 00:00:00,1488,2,26,28,34,41,5,10
2021-12-28 00:00:00,1489,4,6,15,17,29,9,12
2021-12-31 00:00:00,1490,7,22,25,43,49,6,7
2022-01-04 00:00:00,1491,18,28,35,36,41,6,11
2022-01-07 00:00:00,1492,2,14,37,44,50,7,11
2022-01-11 00:00:00,1493,4,23,32,33,44,9,12
2022-01-14 00:00:00,1494,6,17,25,31,46,9,12
2022-01-18 00:00:00,1495,3,12,19,24,30,2,5
2022-01-21 00:00:00,1496,5,14,35,36,39,7,12
2022-01-25 00:00:00,1497,6,16,18,39,47,2,4
2022-01-28 00:00:00,1498,10,25,29,34,45,9,10
2022-02-01 00:00:00,1499,1,19,36,38,49,6,9
2022-02-04 00:00:00,1500,3,25,38,43,49,3,7
2022-02-08 00:00:00,1501,6,20,34,37,43,7,10
2022-02-11 00:00:00,1502,13,18,38,42,45,7,11
2022-02-15 00:00:00,1503,9,20,31,33,44,2,12
2022-02-18 00:00:00,1504,25,38,41,43,50,6,10
2022-02-22 00:00:00,1505,5,9,14,26,32,3,7
2022-02-25 00:00:00,1506,10,13,24,30,42,1,5
2022-03-01 00:00:00,1507,8,24,26,39,42,3,5
2022-03-04 00:00:00,1508,6,20,40,42,43,10,12
2022-03-08 00:00:00,1509,12,18,21,25,31,2,9
2022-03-11 00:00:00,1510,12,19,22,23,48,2,6
2022-03-15 00:00:00,1511,1,2,12,19,26,2,8
2022-03-18 00:00:00,1512,1,9,14,17,43,6,12
2022-03-22 00:00:00,1513,7,17,21,29,40,8,11
2022-03-25 00:00:00,1514,6,10,24,27,29,5,12
2022-03-29 01:00:00,1515,8,11,33,42,43,6,11
2022-04-01 01:00:00,1516,2,7,21,31,45,4,10
2022-04-05 01:00:00,1517,1,11,13,24,49,5,6
2022-04-08 01:00:00,1518,1,15,16,38,45,4,11
2022-04-12 01:00:00,1519,21,30,31,35,47,2,10
2022-04-15 01:00:00,1520,6,24,30,32,48,5,6
2022-04-19 01:00:00,1521,2,12,17,28,46,6,10
2022-04-22 01:00:00,1522,6,11,21,35,36,1,9
2022-04-26 01:00:00,1523,4,25,28,34,45,8,11
2022-04-29 01:00:00,1524,10,11,20,36,37,3,7
2022-05-03 01:00:00,1525,8,20,26,47,48,3,8
2022-05-06 01:00:00,1526,3,8,18,24,40,3,11
2022-05-10 01:00:00,1527,3,25,27,28,29,4,9
2022-05-13 01:00:00,1528,3,11,17,45,48,4,8
2022-05-17 01:00:00,1529,5,28,30,48,49,5,11
2022-05-20 01:00:00,1530,8,22,23,32,50,3,9
2022-05-24 01:00:00,1531,10,13,27,36,37,2,10
2022-05-27 01:00:00,1532,15,23,28,34,48,3,5
2022-05-31 01:00:00,1533,3,10,13,42,49,3,9
2022-06-03 01:00:00,1534,12,28,29,34,48,9,11
2022-06-07 01:00:00,1535,6,16,17,25,31,2,6
2022-06-10 01:00:00,1536,17,26,36,37,40,9,12
2022-06-14 01:00:00,1537,2,7,27,34,40,3,11
2022-06-17 01:00:00,1538,19,21,22,31,38,7,11
2022-06-21 01:00:00,1539,6,23,36,39,47,8,10
2022-06-24 01:00:00,1540,10,17,28,44,50,8,12
2022-06-28 01:00:00,1541,10,35,42,47,48,2,11
2022-07-01 01:00:00,1542,6,18,24,34,46,3,12
2022-07-05 01:00:00,1543,7,10,25,45,48,3,6
2022-07-08 01:00:00,1544,28,31,35,43,46,4,7
2022-07-12 01:00:00,1545,14,18,24,25,50,6,11
2022-07-15 01:00:00,1546,9,17,29,38,39,7,10
2022-07-19 01:00:00,1547,6,23,27,40,41,2,12
2022-07-22 01:00:00,1548,16,18,29,32,50,4,11
2022-07-26 01:00:00,1549,3,5,17,25,27,1,9
2022-07-29 01:00:00,1550,3,23,38,43,48,3,8
2022-08-02 01:00:00,1551,7,18,28,40,48,8,11
2022-08-05 01:00:00,1552,3,29,33,35,44,8,10
2022-08-09 01:00:00,1553,18,19,21,27,47,5,11
2022-08-12 01:00:00,1554,14,17,34,35,42,6,10
2022-08-16 01:00:00,1555,10,14,25,32,39,7,8
2022-08-19 01:00:00,1556,2,9,13,19,38,2,6
2022-08-23 01:00:00,1557,19,26,31,39,48,2,3
2022-08-26 01:00:00,1558,22,23,25,38,44,11,12
2022-08-30 01:00:00,1559,4,6,10,15,19,1,4
2022-09-02 01:00:00,1560,7,12,13,20,45,3,12
2022-09-06 01:00:00,1561,7,10,22,29,44,4,5
2022-09-09 01:00:00,1562,17,23,24,26,27,4,9
2022-09-13 01:00:00,1563,9,12,15,40,47,1,11
2022-09-16 01:00:00,1564,10,27,36,45,49,3,4
2022-09-20 01:00:00,1565,11,21,23,32,48,3,12
2022-09-23 01:00:00,1566,14,15,22,35,48,3,8
2022-09-27 01:00:00,1567,4,20,21,34,44,1,3
2022-09-30 01:00:00,1568,1,2,11,16,26,3,12
2022-10-04 01:00:00,1569,3,18,28,42,43,3,12
2022-10-07 01:00:00,1570,26,27,42,45,50,1,12
2022-10-11 01:00:00,1571,8,23,32,35,40,1,8
2022-10-14 01:00:00,1572,24,28,29,34,48,3,7
2022-10-18 01:00:00,1573,3,5,13,42,48,1,6
2022-10-21 01:00:00,1574,25,26,28,38,10,1,6
2022-10-25 01:00:00,1575,7,24,34,39,46,1,6
2022-10-28 01:00:00,1576,14,16,21,28,35,1,11
2022-11-01 00:00:00,1577,19,37,42,47,48,1,6
2022-11-04 00:00:00,1578,2,11,37,45,47,2,3
2022-11-08 00:00:00,1579,3,5,32,33,50,1,8
2022-11-11 00:00:00,1580,2,19,24,25,44,2,10
2022-11-15 00:00:00,1581,13,21,24,31,33,1,12
2022-11-18 00:00:00,1582,13,16,19,35,41,1,11
2022-11-22 00:00:00,1583,21,22,24,29,42,3,11
2022-11-25 00:00:00,1584,19,21,35,37,39,2,6
2022-11-29 00:00:00,1585,15,20,24,35,38,8,12
2022-12-02 00:00:00,1586,12,21,35,39,45,6,11
2022-12-06 00:00:00,1587,12,20,25,26,27,8,12
2022-12-09 00:00:00,1588,8,27,31,46,50,1,3
2022-12-13 00:00:00,1589,3,9,12,26,30,10,11
2022-12-16 00:00:00,1590,2,15,19,35,44,2,7
2022-12-20 00:00:00,1591,1,11,17,20,27,4,5
2022-12-23 00:00:00,1592,16,17,23,26,35,5,11
2022-12-27 00:00:00,1593,19,31,33,34,43,3,5
2022-12-30 00:00:00,1594,17,34,42,47,48,1,9
2023-01-03 00:00:00,1595,20,21,29,45,46,3,10
2023-01-06 00:00:00,1596,16,31,35,44,45,4,12
2023-01-10 00:00:00,1597,11,13,34,40,42,3,10